Workbook

Sheet Dashboard
A1: Duplicate Payment and Fraud Red-Flag Analysis
A2: Accounts Payable analytics in Excel | Forensic / FIRE-style data tests
A3: DATA DISCLOSURE: all vendors, invoices and amounts in this workbook are synthetic (computer-generated, fictional). Anomalies were planted deliberately to demonstrate the tests. No real company data is used.
A5: Key figures
A6: Metric | B6: Value
A7: Total transactions | B7: =COUNTA(Data!$A$2:$A$1534) -> 1533
A8: Total value (INR) | B8: =SUM(Data!$G$2:$G$1534) -> 2.15312e+08
A9: Transactions with at least one flag | B9: =COUNTIF(Data!$R$2:$R$1534,">0") -> 197
A10: % of transactions flagged | B10: =IF(B7=0,0,B9/B7) -> 0.1285062
A11: Value of flagged transactions (INR) | B11: =SUMIF(Data!$R$2:$R$1534,">0",Data!$G$2:$G$1534) -> 23422438
A12: High-risk transactions | B12: =COUNTIF(Data!$S$2:$S$1534,"High") -> 36
A13: Value of high-risk transactions (INR) | B13: =SUMIF(Data!$S$2:$S$1534,"High",Data!$G$2:$G$1534) -> 6286167.8
A15: Red-flag tests
A16: Test | B16: Transactions flagged | C16: Value flagged (INR) | D16: % of transactions
A17: F1 Duplicate invoice | B17: =SUM(Data!$L$2:$L$1534) -> 36 | C17: =SUMIF(Data!$L$2:$L$1534,1,Data!$G$2:$G$1534) -> 6286167.8 | D17: =IF($B$7=0,0,B17/$B$7) -> 0.023483366
A18: F2 Near-duplicate | B18: =SUM(Data!$M$2:$M$1534) -> 32 | C18: =SUMIF(Data!$M$2:$M$1534,1,Data!$G$2:$G$1534) -> 3758507.1 | D18: =IF($B$7=0,0,B18/$B$7) -> 0.020874103
A19: F3 Just below limit | B19: =SUM(Data!$N$2:$N$1534) -> 36 | C19: =SUMIF(Data!$N$2:$N$1534,1,Data!$G$2:$G$1534) -> 1754381.8 | D19: =IF($B$7=0,0,B19/$B$7) -> 0.023483366
A20: F4 Round amount | B20: =SUM(Data!$O$2:$O$1534) -> 25 | C20: =SUMIF(Data!$O$2:$O$1534,1,Data!$G$2:$G$1534) -> 2250000 | D20: =IF($B$7=0,0,B20/$B$7) -> 0.016307893
A21: F5 No PO / GRN | B21: =SUM(Data!$P$2:$P$1534) -> 40 | C21: =SUMIF(Data!$P$2:$P$1534,1,Data!$G$2:$G$1534) -> 5499447.7 | D21: =IF($B$7=0,0,B21/$B$7) -> 0.026092629
A22: F6 Weekend payment | B22: =SUM(Data!$Q$2:$Q$1534) -> 30 | C22: =SUMIF(Data!$Q$2:$Q$1534,1,Data!$G$2:$G$1534) -> 3933933.3 | D22: =IF($B$7=0,0,B22/$B$7) -> 0.019569472
A23: A transaction can fail more than one test, so rows above overlap and should not be added together.
A25: Risk rating
A26: Rating | B26: Transactions | C26: Value (INR) | D26: % of transactions
A27: High | B27: =COUNTIF(Data!$S$2:$S$1534,A27) -> 36 | C27: =SUMIF(Data!$S$2:$S$1534,A27,Data!$G$2:$G$1534) -> 6286167.8 | D27: =IF($B$7=0,0,B27/$B$7) -> 0.023483366
A28: Medium | B28: =COUNTIF(Data!$S$2:$S$1534,A28) -> 108 | C28: =SUMIF(Data!$S$2:$S$1534,A28,Data!$G$2:$G$1534) -> 11012337 | D28: =IF($B$7=0,0,B28/$B$7) -> 0.070450098
A29: Low | B29: =COUNTIF(Data!$S$2:$S$1534,A29) -> 53 | C29: =SUMIF(Data!$S$2:$S$1534,A29,Data!$G$2:$G$1534) -> 6123933.3 | D29: =IF($B$7=0,0,B29/$B$7) -> 0.034572733
A30: Clear | B30: =COUNTIF(Data!$S$2:$S$1534,A30) -> 1336 | C30: =SUMIF(Data!$S$2:$S$1534,A30,Data!$G$2:$G$1534) -> 1.9188956e+08 | D30: =IF($B$7=0,0,B30/$B$7) -> 0.8714938
A32: How to read this workbook
A33: 1. Data: every transaction with six formula-driven red-flag tests, a weighted risk score and a rating.
A34: 2. Assumptions: approval limit, windows and weights are inputs; change them and everything recalculates.
A35: 3. Vendor_Risk and Approver_Analysis: where the flags concentrate. Exceptions: the 30 highest-scoring transactions to investigate first.
A36: 4. Benford: first-digit test on invoice amounts. Findings: results and recommended controls.
A37: Limitation: red flags are indicators, not proof of fraud. Each flagged item needs follow-up with supporting documents.

Sheet Findings
A1: Findings and recommended controls
A2: Result figures are live formulas linked to the Dashboard. Data is synthetic.
A4: Area | B4: What the test found | C4: Why it matters | D4: Recommended control
A5: Duplicate invoices | B5: =Dashboard!B17&" transactions share a vendor and invoice number with another payment (value INR "&TEXT(Dashboard!C17,"#,##0")&")." -> 36 transactions share a vendor and invoice number with another payment (value INR 62,86,168). | C5: Paying the same invoice twice is direct cash loss and is often the first thing recovery audits find. | D5: Hard-block posting when vendor + invoice number already exists; run a monthly duplicate report and recover overpayments.
A6: Near-duplicates | B6: =Dashboard!B18&" transactions match another payment on vendor and amount within "&Assumptions!B5&" days but carry a different invoice number." -> 32 transactions match another payment on vendor and amount within 7 days but carry a different invoice number. | C6: Changing an invoice number is a simple way to get a duplicate past a basic system check. | D6: Add fuzzy matching on vendor + amount + date window; require supporting documents for any match before release.
A7: Just below approval limit | B7: =Dashboard!B19&" transactions fall between INR "&TEXT(Assumptions!B4*(1-Assumptions!B6),"#,##0")&" and INR "&TEXT(Assumptions!B4,"#,##0")&"; see Approver_Analysis for concentration." -> 36 transactions fall between INR 47,500 and INR 50,000; see Approver_Analysis for concentration. | C7: Clusters just under a limit can indicate invoice splitting to avoid higher-level approval. | D7: Review the vendors and approvers involved; consider cumulative-spend limits per vendor per period.
A8: Round-number amounts | B8: =Dashboard!B20&" transactions are exact multiples of INR "&TEXT(Assumptions!B7,"#,##0")&"." -> 25 transactions are exact multiples of INR 10,000. | C8: Genuine invoices are rarely perfectly round. Weak on its own but useful with other flags. | D8: Sample-check supporting invoices for round-amount payments, especially to vendors with other flags.
A9: No PO / GRN | B9: =Dashboard!B21&" transactions lack a PO or a goods receipt (value INR "&TEXT(Dashboard!C21,"#,##0")&")." -> 40 transactions lack a PO or a goods receipt (value INR 54,99,448). | C9: Payment without a PO or GRN bypasses the 3-way match control. | D9: Enforce no-PO-no-pay with a documented exception route; report non-PO spend monthly.
A10: Weekend payments | B10: =Dashboard!B22&" payments have a payment date on a Saturday or Sunday." -> 30 payments have a payment date on a Saturday or Sunday. | C10: Unusual processing times can indicate off-cycle or unauthorised payment runs. | D10: Restrict payment-run scheduling and review any off-cycle release.
A11: Overall priority | B11: =Dashboard!B12&" transactions rate High (value INR "&TEXT(Dashboard!B13,"#,##0")&"); start with the Exceptions sheet." -> 36 transactions rate High (value INR 62,86,168); start with the Exceptions sheet. | C11: Weighted scoring focuses limited investigator time on the items with several red flags. | D11: Investigate High items first, document outcomes, and tune weights using confirmed cases.

Sheet Data
A1: Txn_ID | B1: Vendor_ID | C1: Vendor_Name | D1: Invoice_No | E1: Invoice_Date | F1: Payment_Date | G1: Amount_INR | H1: PO_No | I1: GRN_No | J1: Approver | K1: First_Digit | L1: F1_Duplicate | M1: F2_NearDuplicate | N1: F3_BelowLimit | O1: F4_RoundNo | P1: F5_NoPO_GRN | Q1: F6_Weekend | R1: Risk_Score | S1: Rating | T1: Flags_Triggered
A2: TXN-0001 | B2: V011 | C2: Horizon Travel Desk Pvt Ltd | D2: INV-011-45822 | E2: 45748 | F2: 45769 | G2: 631713.92 | H2: PO463201 | I2: GR463201 | J2: AP-Mgr-05 | K2: =VALUE(LEFT(TEXT(G2,"0"),1)) -> 6 | L2: =IF(COUNTIFS($B$2:$B$1534,B2,$D$2:$D$1534,D2)>1,1,0) -> 0 | M2: =IF(AND(L2=0,COUNTIFS($B$2:$B$1534,B2,$G$2:$G$1534,G2,$E$2:$E$1534,">="&(E2-Assumptions!$B$5),$E$2:$E$1534,"<="&(E2+Assumptions!$B$5))>1),1,0) -> 1 | N2: =IF(AND(G2>=Assumptions!$B$4*(1-Assumptions!$B$6),G2<Assumptions!$B$4),1,0) -> 0 | O2: =IF(AND(G2>=Assumptions!$B$7,MOD(G2,Assumptions!$B$7)=0),1,0) -> 0 | P2: =IF(OR(H2="",I2=""),1,0) -> 0 | Q2: =IF(WEEKDAY(F2,2)>5,1,0) -> 0 | R2: =L2*Assumptions!$B$11+M2*Assumptions!$B$12+N2*Assumptions!$B$13+O2*Assumptions!$B$14+P2*Assumptions!$B$15+Q2*Assumptions!$B$16 -> 3 | S2: =IF(R2>=Assumptions!$B$20,"High",IF(R2>=Assumptions!$B$21,"Medium",IF(R2>=1,"Low","Clear"))) -> Medium | T2: =IF(R2=0,"",IF(L2=1,"Duplicate invoice; ","")&IF(M2=1,"Near-duplicate; ","")&IF(N2=1,"Just below limit; ","")&IF(O2=1,"Round amount; ","")&IF(P2=1,"No PO/GRN; ","")&IF(Q2=1,"Weekend payment; ","")) -> Near-duplicate;
A3: TXN-0002 | B3: V013 | C3: Riverside Facility Care Pvt Ltd | D3: INV-013-59054 | E3: 45750 | F3: 45770 | G3: 384561.13 | H3: PO495730 | I3: GR495730 | J3: AP-Mgr-04 | K3: =VALUE(LEFT(TEXT(G3,"0"),1)) -> 3 | L3: =IF(COUNTIFS($B$2:$B$1534,B3,$D$2:$D$1534,D3)>1,1,0) -> 0 | M3: =IF(AND(L3=0,COUNTIFS($B$2:$B$1534,B3,$G$2:$G$1534,G3,$E$2:$E$1534,">="&(E3-Assumptions!$B$5),$E$2:$E$1534,"<="&(E3+Assumptions!$B$5))>1),1,0) -> 0 | N3: =IF(AND(G3>=Assumptions!$B$4*(1-Assumptions!$B$6),G3<Assumptions!$B$4),1,0) -> 0 | O3: =IF(AND(G3>=Assumptions!$B$7,MOD(G3,Assumptions!$B$7)=0),1,0) -> 0 | P3: =IF(OR(H3="",I3=""),1,0) -> 0 | Q3: =IF(WEEKDAY(F3,2)>5,1,0) -> 0 | R3: =L3*Assumptions!$B$11+M3*Assumptions!$B$12+N3*Assumptions!$B$13+O3*Assumptions!$B$14+P3*Assumptions!$B$15+Q3*Assumptions!$B$16 -> 0 | S3: =IF(R3>=Assumptions!$B$20,"High",IF(R3>=Assumptions!$B$21,"Medium",IF(R3>=1,"Low","Clear"))) -> Clear | T3: =IF(R3=0,"",IF(L3=1,"Duplicate invoice; ","")&IF(M3=1,"Near-duplicate; ","")&IF(N3=1,"Just below limit; ","")&IF(O3=1,"Round amount; ","")&IF(P3=1,"No PO/GRN; ","")&IF(Q3=1,"Weekend payment; ",""))
A4: TXN-0003 | B4: V032 | C4: Jaywalk Maintenance Pvt Ltd | D4: INV-032-15856 | E4: 45749 | F4: 45772 | G4: 43914.9 | H4: PO408855 | I4: GR408855 | J4: AP-Mgr-04 | K4: =VALUE(LEFT(TEXT(G4,"0"),1)) -> 4 | L4: =IF(COUNTIFS($B$2:$B$1534,B4,$D$2:$D$1534,D4)>1,1,0) -> 0 | M4: =IF(AND(L4=0,COUNTIFS($B$2:$B$1534,B4,$G$2:$G$1534,G4,$E$2:$E$1534,">="&(E4-Assumptions!$B$5),$E$2:$E$1534,"<="&(E4+Assumptions!$B$5))>1),1,0) -> 0 | N4: =IF(AND(G4>=Assumptions!$B$4*(1-Assumptions!$B$6),G4<Assumptions!$B$4),1,0) -> 0 | O4: =IF(AND(G4>=Assumptions!$B$7,MOD(G4,Assumptions!$B$7)=0),1,0) -> 0 | P4: =IF(OR(H4="",I4=""),1,0) -> 0 | Q4: =IF(WEEKDAY(F4,2)>5,1,0) -> 0 | R4: =L4*Assumptions!$B$11+M4*Assumptions!$B$12+N4*Assumptions!$B$13+O4*Assumptions!$B$14+P4*Assumptions!$B$15+Q4*Assumptions!$B$16 -> 0 | S4: =IF(R4>=Assumptions!$B$20,"High",IF(R4>=Assumptions!$B$21,"Medium",IF(R4>=1,"Low","Clear"))) -> Clear | T4: =IF(R4=0,"",IF(L4=1,"Duplicate invoice; ","")&IF(M4=1,"Near-duplicate; ","")&IF(N4=1,"Just below limit; ","")&IF(O4=1,"Round amount; ","")&IF(P4=1,"No PO/GRN; ","")&IF(Q4=1,"Weekend payment; ",""))
A5: TXN-0004 | B5: V036 | C5: Vertex Facility Care Pvt Ltd | D5: INV-036-63903 | E5: 45753 | F5: 45775 | G5: 312657.25 | H5: PO401567 | I5: GR401567 | J5: AP-Mgr-01 | K5: =VALUE(LEFT(TEXT(G5,"0"),1)) -> 3 | L5: =IF(COUNTIFS($B$2:$B$1534,B5,$D$2:$D$1534,D5)>1,1,0) -> 0 | M5: =IF(AND(L5=0,COUNTIFS($B$2:$B$1534,B5,$G$2:$G$1534,G5,$E$2:$E$1534,">="&(E5-Assumptions!$B$5),$E$2:$E$1534,"<="&(E5+Assumptions!$B$5))>1),1,0) -> 0 | N5: =IF(AND(G5>=Assumptions!$B$4*(1-Assumptions!$B$6),G5<Assumptions!$B$4),1,0) -> 0 | O5: =IF(AND(G5>=Assumptions!$B$7,MOD(G5,Assumptions!$B$7)=0),1,0) -> 0 | P5: =IF(OR(H5="",I5=""),1,0) -> 0 | Q5: =IF(WEEKDAY(F5,2)>5,1,0) -> 0 | R5: =L5*Assumptions!$B$11+M5*Assumptions!$B$12+N5*Assumptions!$B$13+O5*Assumptions!$B$14+P5*Assumptions!$B$15+Q5*Assumptions!$B$16 -> 0 | S5: =IF(R5>=Assumptions!$B$20,"High",IF(R5>=Assumptions!$B$21,"Medium",IF(R5>=1,"Low","Clear"))) -> Clear | T5: =IF(R5=0,"",IF(L5=1,"Duplicate invoice; ","")&IF(M5=1,"Near-duplicate; ","")&IF(N5=1,"Just below limit; ","")&IF(O5=1,"Round amount; ","")&IF(P5=1,"No PO/GRN; ","")&IF(Q5=1,"Weekend payment; ",""))
A6: TXN-0005 | B6: V020 | C6: Fortis Stationery Pvt Ltd | D6: INV-020-22697 | E6: 45751 | F6: 45776 | G6: 281298.97 | H6: PO400206 | I6: GR400206 | J6: AP-Mgr-01 | K6: =VALUE(LEFT(TEXT(G6,"0"),1)) -> 2 | L6: =IF(COUNTIFS($B$2:$B$1534,B6,$D$2:$D$1534,D6)>1,1,0) -> 1 | M6: =IF(AND(L6=0,COUNTIFS($B$2:$B$1534,B6,$G$2:$G$1534,G6,$E$2:$E$1534,">="&(E6-Assumptions!$B$5),$E$2:$E$1534,"<="&(E6+Assumptions!$B$5))>1),1,0) -> 0 | N6: =IF(AND(G6>=Assumptions!$B$4*(1-Assumptions!$B$6),G6<Assumptions!$B$4),1,0) -> 0 | O6: =IF(AND(G6>=Assumptions!$B$7,MOD(G6,Assumptions!$B$7)=0),1,0) -> 0 | P6: =IF(OR(H6="",I6=""),1,0) -> 0 | Q6: =IF(WEEKDAY(F6,2)>5,1,0) -> 0 | R6: =L6*Assumptions!$B$11+M6*Assumptions!$B$12+N6*Assumptions!$B$13+O6*Assumptions!$B$14+P6*Assumptions!$B$15+Q6*Assumptions!$B$16 -> 5 | S6: =IF(R6>=Assumptions!$B$20,"High",IF(R6>=Assumptions!$B$21,"Medium",IF(R6>=1,"Low","Clear"))) -> High | T6: =IF(R6=0,"",IF(L6=1,"Duplicate invoice; ","")&IF(M6=1,"Near-duplicate; ","")&IF(N6=1,"Just below limit; ","")&IF(O6=1,"Round amount; ","")&IF(P6=1,"No PO/GRN; ","")&IF(Q6=1,"Weekend payment; ","")) -> Duplicate invoice;
A7: TXN-0006 | B7: V023 | C7: Greenfield Hardware Pvt Ltd | D7: INV-023-96159 | E7: 45751 | F7: 45776 | G7: 406994.11 | H7: PO474228 | I7: GR474228 | J7: AP-Mgr-04 | K7: =VALUE(LEFT(TEXT(G7,"0"),1)) -> 4 | L7: =IF(COUNTIFS($B$2:$B$1534,B7,$D$2:$D$1534,D7)>1,1,0) -> 0 | M7: =IF(AND(L7=0,COUNTIFS($B$2:$B$1534,B7,$G$2:$G$1534,G7,$E$2:$E$1534,">="&(E7-Assumptions!$B$5),$E$2:$E$1534,"<="&(E7+Assumptions!$B$5))>1),1,0) -> 0 | N7: =IF(AND(G7>=Assumptions!$B$4*(1-Assumptions!$B$6),G7<Assumptions!$B$4),1,0) -> 0 | O7: =IF(AND(G7>=Assumptions!$B$7,MOD(G7,Assumptions!$B$7)=0),1,0) -> 0 | P7: =IF(OR(H7="",I7=""),1,0) -> 0 | Q7: =IF(WEEKDAY(F7,2)>5,1,0) -> 0 | R7: =L7*Assumptions!$B$11+M7*Assumptions!$B$12+N7*Assumptions!$B$13+O7*Assumptions!$B$14+P7*Assumptions!$B$15+Q7*Assumptions!$B$16 -> 0 | S7: =IF(R7>=Assumptions!$B$20,"High",IF(R7>=Assumptions!$B$21,"Medium",IF(R7>=1,"Low","Clear"))) -> Clear | T7: =IF(R7=0,"",IF(L7=1,"Duplicate invoice; ","")&IF(M7=1,"Near-duplicate; ","")&IF(N7=1,"Just below limit; ","")&IF(O7=1,"Round amount; ","")&IF(P7=1,"No PO/GRN; ","")&IF(Q7=1,"Weekend payment; ",""))
A8: TXN-0007 | B8: V039 | C8: Ironwood Electricals Pvt Ltd | D8: INV-039-27038 | E8: 45749 | F8: 45777 | G8: 376026.44 | H8: PO418964 | I8: GR418964 | J8: AP-Mgr-05 | K8: =VALUE(LEFT(TEXT(G8,"0"),1)) -> 3 | L8: =IF(COUNTIFS($B$2:$B$1534,B8,$D$2:$D$1534,D8)>1,1,0) -> 0 | M8: =IF(AND(L8=0,COUNTIFS($B$2:$B$1534,B8,$G$2:$G$1534,G8,$E$2:$E$1534,">="&(E8-Assumptions!$B$5),$E$2:$E$1534,"<="&(E8+Assumptions!$B$5))>1),1,0) -> 0 | N8: =IF(AND(G8>=Assumptions!$B$4*(1-Assumptions!$B$6),G8<Assumptions!$B$4),1,0) -> 0 | O8: =IF(AND(G8>=Assumptions!$B$7,MOD(G8,Assumptions!$B$7)=0),1,0) -> 0 | P8: =IF(OR(H8="",I8=""),1,0) -> 0 | Q8: =IF(WEEKDAY(F8,2)>5,1,0) -> 0 | R8: =L8*Assumptions!$B$11+M8*Assumptions!$B$12+N8*Assumptions!$B$13+O8*Assumptions!$B$14+P8*Assumptions!$B$15+Q8*Assumptions!$B$16 -> 0 | S8: =IF(R8>=Assumptions!$B$20,"High",IF(R8>=Assumptions!$B$21,"Medium",IF(R8>=1,"Low","Clear"))) -> Clear | T8: =IF(R8=0,"",IF(L8=1,"Duplicate invoice; ","")&IF(M8=1,"Near-duplicate; ","")&IF(N8=1,"Just below limit; ","")&IF(O8=1,"Round amount; ","")&IF(P8=1,"No PO/GRN; ","")&IF(Q8=1,"Weekend payment; ",""))
A9: TXN-0008 | B9: V018 | C9: Ironwood Hardware Pvt Ltd | D9: INV-018-86011 | E9: 45749 | F9: 45778 | G9: 150713.77 | H9: PO476931 | I9: GR476931 | J9: AP-Mgr-06 | K9: =VALUE(LEFT(TEXT(G9,"0"),1)) -> 1 | L9: =IF(COUNTIFS($B$2:$B$1534,B9,$D$2:$D$1534,D9)>1,1,0) -> 0 | M9: =IF(AND(L9=0,COUNTIFS($B$2:$B$1534,B9,$G$2:$G$1534,G9,$E$2:$E$1534,">="&(E9-Assumptions!$B$5),$E$2:$E$1534,"<="&(E9+Assumptions!$B$5))>1),1,0) -> 0 | N9: =IF(AND(G9>=Assumptions!$B$4*(1-Assumptions!$B$6),G9<Assumptions!$B$4),1,0) -> 0 | O9: =IF(AND(G9>=Assumptions!$B$7,MOD(G9,Assumptions!$B$7)=0),1,0) -> 0 | P9: =IF(OR(H9="",I9=""),1,0) -> 0 | Q9: =IF(WEEKDAY(F9,2)>5,1,0) -> 0 | R9: =L9*Assumptions!$B$11+M9*Assumptions!$B$12+N9*Assumptions!$B$13+O9*Assumptions!$B$14+P9*Assumptions!$B$15+Q9*Assumptions!$B$16 -> 0 | S9: =IF(R9>=Assumptions!$B$20,"High",IF(R9>=Assumptions!$B$21,"Medium",IF(R9>=1,"Low","Clear"))) -> Clear | T9: =IF(R9=0,"",IF(L9=1,"Duplicate invoice; ","")&IF(M9=1,"Near-duplicate; ","")&IF(N9=1,"Just below limit; ","")&IF(O9=1,"Round amount; ","")&IF(P9=1,"No PO/GRN; ","")&IF(Q9=1,"Weekend payment; ",""))
A10: TXN-0009 | B10: V033 | C10: Unity Catering Pvt Ltd | D10: INV-033-94852 | E10: 45758 | F10: 45778 | G10: 26441.84 | H10: PO417342 | I10: GR417342 | J10: AP-Mgr-02 | K10: =VALUE(LEFT(TEXT(G10,"0"),1)) -> 2 | L10: =IF(COUNTIFS($B$2:$B$1534,B10,$D$2:$D$1534,D10)>1,1,0) -> 0 | M10: =IF(AND(L10=0,COUNTIFS($B$2:$B$1534,B10,$G$2:$G$1534,G10,$E$2:$E$1534,">="&(E10-Assumptions!$B$5),$E$2:$E$1534,"<="&(E10+Assumptions!$B$5))>1),1,0) -> 0 | N10: =IF(AND(G10>=Assumptions!$B$4*(1-Assumptions!$B$6),G10<Assumptions!$B$4),1,0) -> 0 | O10: =IF(AND(G10>=Assumptions!$B$7,MOD(G10,Assumptions!$B$7)=0),1,0) -> 0 | P10: =IF(OR(H10="",I10=""),1,0) -> 0 | Q10: =IF(WEEKDAY(F10,2)>5,1,0) -> 0 | R10: =L10*Assumptions!$B$11+M10*Assumptions!$B$12+N10*Assumptions!$B$13+O10*Assumptions!$B$14+P10*Assumptions!$B$15+Q10*Assumptions!$B$16 -> 0 | S10: =IF(R10>=Assumptions!$B$20,"High",IF(R10>=Assumptions!$B$21,"Medium",IF(R10>=1,"Low","Clear"))) -> Clear | T10: =IF(R10=0,"",IF(L10=1,"Duplicate invoice; ","")&IF(M10=1,"Near-duplicate; ","")&IF(N10=1,"Just below limit; ","")&IF(O10=1,"Round amount; ","")&IF(P10=1,"No PO/GRN; ","")&IF(Q10=1,"Weekend payment; ",""))
A11: TXN-0010 | B11: V037 | C11: Jaywalk Logistics Pvt Ltd | D11: INV-037-23954 | E11: 45750 | F11: 45778 | G11: 3350.46 | H11: PO466353 | I11: GR466353 | J11: AP-Mgr-05 | K11: =VALUE(LEFT(TEXT(G11,"0"),1)) -> 3 | L11: =IF(COUNTIFS($B$2:$B$1534,B11,$D$2:$D$1534,D11)>1,1,0) -> 0 | M11: =IF(AND(L11=0,COUNTIFS($B$2:$B$1534,B11,$G$2:$G$1534,G11,$E$2:$E$1534,">="&(E11-Assumptions!$B$5),$E$2:$E$1534,"<="&(E11+Assumptions!$B$5))>1),1,0) -> 0 | N11: =IF(AND(G11>=Assumptions!$B$4*(1-Assumptions!$B$6),G11<Assumptions!$B$4),1,0) -> 0 | O11: =IF(AND(G11>=Assumptions!$B$7,MOD(G11,Assumptions!$B$7)=0),1,0) -> 0 | P11: =IF(OR(H11="",I11=""),1,0) -> 0 | Q11: =IF(WEEKDAY(F11,2)>5,1,0) -> 0 | R11: =L11*Assumptions!$B$11+M11*Assumptions!$B$12+N11*Assumptions!$B$13+O11*Assumptions!$B$14+P11*Assumptions!$B$15+Q11*Assumptions!$B$16 -> 0 | S11: =IF(R11>=Assumptions!$B$20,"High",IF(R11>=Assumptions!$B$21,"Medium",IF(R11>=1,"Low","Clear"))) -> Clear | T11: =IF(R11=0,"",IF(L11=1,"Duplicate invoice; ","")&IF(M11=1,"Near-duplicate; ","")&IF(N11=1,"Just below limit; ","")&IF(O11=1,"Round amount; ","")&IF(P11=1,"No PO/GRN; ","")&IF(Q11=1,"Weekend payment; ",""))
A12: TXN-0011 | B12: V039 | C12: Ironwood Electricals Pvt Ltd | D12: INV-039-91233 | E12: 45751 | F12: 45778 | G12: 443101.88 | H12: PO436452 | I12: GR436452 | J12: AP-Mgr-06 | K12: =VALUE(LEFT(TEXT(G12,"0"),1)) -> 4 | L12: =IF(COUNTIFS($B$2:$B$1534,B12,$D$2:$D$1534,D12)>1,1,0) -> 0 | M12: =IF(AND(L12=0,COUNTIFS($B$2:$B$1534,B12,$G$2:$G$1534,G12,$E$2:$E$1534,">="&(E12-Assumptions!$B$5),$E$2:$E$1534,"<="&(E12+Assumptions!$B$5))>1),1,0) -> 0 | N12: =IF(AND(G12>=Assumptions!$B$4*(1-Assumptions!$B$6),G12<Assumptions!$B$4),1,0) -> 0 | O12: =IF(AND(G12>=Assumptions!$B$7,MOD(G12,Assumptions!$B$7)=0),1,0) -> 0 | P12: =IF(OR(H12="",I12=""),1,0) -> 0 | Q12: =IF(WEEKDAY(F12,2)>5,1,0) -> 0 | R12: =L12*Assumptions!$B$11+M12*Assumptions!$B$12+N12*Assumptions!$B$13+O12*Assumptions!$B$14+P12*Assumptions!$B$15+Q12*Assumptions!$B$16 -> 0 | S12: =IF(R12>=Assumptions!$B$20,"High",IF(R12>=Assumptions!$B$21,"Medium",IF(R12>=1,"Low","Clear"))) -> Clear | T12: =IF(R12=0,"",IF(L12=1,"Duplicate invoice; ","")&IF(M12=1,"Near-duplicate; ","")&IF(N12=1,"Just below limit; ","")&IF(O12=1,"Round amount; ","")&IF(P12=1,"No PO/GRN; ","")&IF(Q12=1,"Weekend payment; ",""))
A13: TXN-0012 | B13: V029 | C13: Orbit Travel Desk Pvt Ltd | D13: INV-029-47487 | E13: 45753 | F13: 45779 | G13: 356207.38 | H13: PO467915 | I13: GR467915 | J13: AP-Mgr-02 | K13: =VALUE(LEFT(TEXT(G13,"0"),1)) -> 3 | L13: =IF(COUNTIFS($B$2:$B$1534,B13,$D$2:$D$1534,D13)>1,1,0) -> 0 | M13: =IF(AND(L13=0,COUNTIFS($B$2:$B$1534,B13,$G$2:$G$1534,G13,$E$2:$E$1534,">="&(E13-Assumptions!$B$5),$E$2:$E$1534,"<="&(E13+Assumptions!$B$5))>1),1,0) -> 0 | N13: =IF(AND(G13>=Assumptions!$B$4*(1-Assumptions!$B$6),G13<Assumptions!$B$4),1,0) -> 0 | O13: =IF(AND(G13>=Assumptions!$B$7,MOD(G13,Assumptions!$B$7)=0),1,0) -> 0 | P13: =IF(OR(H13="",I13=""),1,0) -> 0 | Q13: =IF(WEEKDAY(F13,2)>5,1,0) -> 0 | R13: =L13*Assumptions!$B$11+M13*Assumptions!$B$12+N13*Assumptions!$B$13+O13*Assumptions!$B$14+P13*Assumptions!$B$15+Q13*Assumptions!$B$16 -> 0 | S13: =IF(R13>=Assumptions!$B$20,"High",IF(R13>=Assumptions!$B$21,"Medium",IF(R13>=1,"Low","Clear"))) -> Clear | T13: =IF(R13=0,"",IF(L13=1,"Duplicate invoice; ","")&IF(M13=1,"Near-duplicate; ","")&IF(N13=1,"Just below limit; ","")&IF(O13=1,"Round amount; ","")&IF(P13=1,"No PO/GRN; ","")&IF(Q13=1,"Weekend payment; ",""))
... A72: TXN-0071 | B72: V023 | C72: Greenfield Hardware Pvt Ltd | D72: INV-023-21253 | E72: 45760 | F72: 45796 | G72: 2058.96 | H72: PO454522 | I72: GR454522 | J72: AP-Mgr-01 | K72: =VALUE(LEFT(TEXT(G72,"0"),1)) -> 2 | L72: =IF(COUNTIFS($B$2:$B$1534,B72,$D$2:$D$1534,D72)>1,1,0) -> 0 | M72: =IF(AND(L72=0,COUNTIFS($B$2:$B$1534,B72,$G$2:$G$1534,G72,$E$2:$E$1534,">="&(E72-Assumptions!$B$5),$E$2:$E$1534,"<="&(E72+Assumptions!$B$5))>1),1,0) -> 0 | N72: =IF(AND(G72>=Assumptions!$B$4*(1-Assumptions!$B$6),G72<Assumptions!$B$4),1,0) -> 0 | O72: =IF(AND(G72>=Assumptions!$B$7,MOD(G72,Assumptions!$B$7)=0),1,0) -> 0 | P72: =IF(OR(H72="",I72=""),1,0) -> 0 | Q72: =IF(WEEKDAY(F72,2)>5,1,0) -> 0 | R72: =L72*Assumptions!$B$11+M72*Assumptions!$B$12+N72*Assumptions!$B$13+O72*Assumptions!$B$14+P72*Assumptions!$B$15+Q72*Assumptions!$B$16 -> 0 | S72: =IF(R72>=Assumptions!$B$20,"High",IF(R72>=Assumptions!$B$21,"Medium",IF(R72>=1,"Low","Clear"))) -> Clear | T72: =IF(R72=0,"",IF(L72=1,"Duplicate invoice; ","")&IF(M72=1,"Near-duplicate; ","")&IF(N72=1,"Just below limit; ","")&IF(O72=1,"Round amount; ","")&IF(P72=1,"No PO/GRN; ","")&IF(Q72=1,"Weekend payment; ",""))
A73: TXN-0072 | B73: V030 | C73: Delta Print Media Pvt Ltd | D73: INV-030-15492 | E73: 45766 | F73: 45796 | G73: 4025.07 | H73: PO426144 | J73: AP-Mgr-03 | K73: =VALUE(LEFT(TEXT(G73,"0"),1)) -> 4 | L73: =IF(COUNTIFS($B$2:$B$1534,B73,$D$2:$D$1534,D73)>1,1,0) -> 0 | M73: =IF(AND(L73=0,COUNTIFS($B$2:$B$1534,B73,$G$2:$G$1534,G73,$E$2:$E$1534,">="&(E73-Assumptions!$B$5),$E$2:$E$1534,"<="&(E73+Assumptions!$B$5))>1),1,0) -> 0 | N73: =IF(AND(G73>=Assumptions!$B$4*(1-Assumptions!$B$6),G73<Assumptions!$B$4),1,0) -> 0 | O73: =IF(AND(G73>=Assumptions!$B$7,MOD(G73,Assumptions!$B$7)=0),1,0) -> 0 | P73: =IF(OR(H73="",I73=""),1,0) -> 1 | Q73: =IF(WEEKDAY(F73,2)>5,1,0) -> 0 | R73: =L73*Assumptions!$B$11+M73*Assumptions!$B$12+N73*Assumptions!$B$13+O73*Assumptions!$B$14+P73*Assumptions!$B$15+Q73*Assumptions!$B$16 -> 4 | S73: =IF(R73>=Assumptions!$B$20,"High",IF(R73>=Assumptions!$B$21,"Medium",IF(R73>=1,"Low","Clear"))) -> Medium | T73: =IF(R73=0,"",IF(L73=1,"Duplicate invoice; ","")&IF(M73=1,"Near-duplicate; ","")&IF(N73=1,"Just below limit; ","")&IF(O73=1,"Round amount; ","")&IF(P73=1,"No PO/GRN; ","")&IF(Q73=1,"Weekend payment; ","")) -> No PO/GRN;
A74: TXN-0073 | B74: V035 | C74: Crestline Office Supplies Pvt Ltd | D74: INV-035-90754 | E74: 45764 | F74: 45796 | G74: 276744.28 | H74: PO413432 | I74: GR413432 | J74: AP-Mgr-06 | K74: =VALUE(LEFT(TEXT(G74,"0"),1)) -> 2 | L74: =IF(COUNTIFS($B$2:$B$1534,B74,$D$2:$D$1534,D74)>1,1,0) -> 0 | M74: =IF(AND(L74=0,COUNTIFS($B$2:$B$1534,B74,$G$2:$G$1534,G74,$E$2:$E$1534,">="&(E74-Assumptions!$B$5),$E$2:$E$1534,"<="&(E74+Assumptions!$B$5))>1),1,0) -> 0 | N74: =IF(AND(G74>=Assumptions!$B$4*(1-Assumptions!$B$6),G74<Assumptions!$B$4),1,0) -> 0 | O74: =IF(AND(G74>=Assumptions!$B$7,MOD(G74,Assumptions!$B$7)=0),1,0) -> 0 | P74: =IF(OR(H74="",I74=""),1,0) -> 0 | Q74: =IF(WEEKDAY(F74,2)>5,1,0) -> 0 | R74: =L74*Assumptions!$B$11+M74*Assumptions!$B$12+N74*Assumptions!$B$13+O74*Assumptions!$B$14+P74*Assumptions!$B$15+Q74*Assumptions!$B$16 -> 0 | S74: =IF(R74>=Assumptions!$B$20,"High",IF(R74>=Assumptions!$B$21,"Medium",IF(R74>=1,"Low","Clear"))) -> Clear | T74: =IF(R74=0,"",IF(L74=1,"Duplicate invoice; ","")&IF(M74=1,"Near-duplicate; ","")&IF(N74=1,"Just below limit; ","")&IF(O74=1,"Round amount; ","")&IF(P74=1,"No PO/GRN; ","")&IF(Q74=1,"Weekend payment; ",""))
A75: TXN-0074 | B75: V039 | C75: Ironwood Electricals Pvt Ltd | D75: INV-039-29441 | E75: 45768 | F75: 45796 | G75: 321939.49 | H75: PO442964 | I75: GR442964 | J75: AP-Mgr-01 | K75: =VALUE(LEFT(TEXT(G75,"0"),1)) -> 3 | L75: =IF(COUNTIFS($B$2:$B$1534,B75,$D$2:$D$1534,D75)>1,1,0) -> 0 | M75: =IF(AND(L75=0,COUNTIFS($B$2:$B$1534,B75,$G$2:$G$1534,G75,$E$2:$E$1534,">="&(E75-Assumptions!$B$5),$E$2:$E$1534,"<="&(E75+Assumptions!$B$5))>1),1,0) -> 0 | N75: =IF(AND(G75>=Assumptions!$B$4*(1-Assumptions!$B$6),G75<Assumptions!$B$4),1,0) -> 0 | O75: =IF(AND(G75>=Assumptions!$B$7,MOD(G75,Assumptions!$B$7)=0),1,0) -> 0 | P75: =IF(OR(H75="",I75=""),1,0) -> 0 | Q75: =IF(WEEKDAY(F75,2)>5,1,0) -> 0 | R75: =L75*Assumptions!$B$11+M75*Assumptions!$B$12+N75*Assumptions!$B$13+O75*Assumptions!$B$14+P75*Assumptions!$B$15+Q75*Assumptions!$B$16 -> 0 | S75: =IF(R75>=Assumptions!$B$20,"High",IF(R75>=Assumptions!$B$21,"Medium",IF(R75>=1,"Low","Clear"))) -> Clear | T75: =IF(R75=0,"",IF(L75=1,"Duplicate invoice; ","")&IF(M75=1,"Near-duplicate; ","")&IF(N75=1,"Just below limit; ","")&IF(O75=1,"Round amount; ","")&IF(P75=1,"No PO/GRN; ","")&IF(Q75=1,"Weekend payment; ",""))
A76: TXN-0075 | B76: V040 | C76: Unity Maintenance Pvt Ltd | D76: INV-040-65576 | E76: 45773 | F76: 45796 | G76: 6551.01 | J76: AP-Mgr-04 | K76: =VALUE(LEFT(TEXT(G76,"0"),1)) -> 6 | L76: =IF(COUNTIFS($B$2:$B$1534,B76,$D$2:$D$1534,D76)>1,1,0) -> 0 | M76: =IF(AND(L76=0,COUNTIFS($B$2:$B$1534,B76,$G$2:$G$1534,G76,$E$2:$E$1534,">="&(E76-Assumptions!$B$5),$E$2:$E$1534,"<="&(E76+Assumptions!$B$5))>1),1,0) -> 0 | N76: =IF(AND(G76>=Assumptions!$B$4*(1-Assumptions!$B$6),G76<Assumptions!$B$4),1,0) -> 0 | O76: =IF(AND(G76>=Assumptions!$B$7,MOD(G76,Assumptions!$B$7)=0),1,0) -> 0 | P76: =IF(OR(H76="",I76=""),1,0) -> 1 | Q76: =IF(WEEKDAY(F76,2)>5,1,0) -> 0 | R76: =L76*Assumptions!$B$11+M76*Assumptions!$B$12+N76*Assumptions!$B$13+O76*Assumptions!$B$14+P76*Assumptions!$B$15+Q76*Assumptions!$B$16 -> 4 | S76: =IF(R76>=Assumptions!$B$20,"High",IF(R76>=Assumptions!$B$21,"Medium",IF(R76>=1,"Low","Clear"))) -> Medium | T76: =IF(R76=0,"",IF(L76=1,"Duplicate invoice; ","")&IF(M76=1,"Near-duplicate; ","")&IF(N76=1,"Just below limit; ","")&IF(O76=1,"Round amount; ","")&IF(P76=1,"No PO/GRN; ","")&IF(Q76=1,"Weekend payment; ","")) -> No PO/GRN;
A77: TXN-0076 | B77: V007 | C77: Riverside Logistics Pvt Ltd | D77: INV-007-87664 | E77: 45762 | F77: 45797 | G77: 19762.73 | H77: PO403148 | I77: GR403148 | J77: AP-Mgr-06 | K77: =VALUE(LEFT(TEXT(G77,"0"),1)) -> 1 | L77: =IF(COUNTIFS($B$2:$B$1534,B77,$D$2:$D$1534,D77)>1,1,0) -> 0 | M77: =IF(AND(L77=0,COUNTIFS($B$2:$B$1534,B77,$G$2:$G$1534,G77,$E$2:$E$1534,">="&(E77-Assumptions!$B$5),$E$2:$E$1534,"<="&(E77+Assumptions!$B$5))>1),1,0) -> 0 | N77: =IF(AND(G77>=Assumptions!$B$4*(1-Assumptions!$B$6),G77<Assumptions!$B$4),1,0) -> 0 | O77: =IF(AND(G77>=Assumptions!$B$7,MOD(G77,Assumptions!$B$7)=0),1,0) -> 0 | P77: =IF(OR(H77="",I77=""),1,0) -> 0 | Q77: =IF(WEEKDAY(F77,2)>5,1,0) -> 0 | R77: =L77*Assumptions!$B$11+M77*Assumptions!$B$12+N77*Assumptions!$B$13+O77*Assumptions!$B$14+P77*Assumptions!$B$15+Q77*Assumptions!$B$16 -> 0 | S77: =IF(R77>=Assumptions!$B$20,"High",IF(R77>=Assumptions!$B$21,"Medium",IF(R77>=1,"Low","Clear"))) -> Clear | T77: =IF(R77=0,"",IF(L77=1,"Duplicate invoice; ","")&IF(M77=1,"Near-duplicate; ","")&IF(N77=1,"Just below limit; ","")&IF(O77=1,"Round amount; ","")&IF(P77=1,"No PO/GRN; ","")&IF(Q77=1,"Weekend payment; ",""))
A78: TXN-0077 | B78: V029 | C78: Orbit Travel Desk Pvt Ltd | D78: INV-029-30446 | E78: 45770 | F78: 45797 | G78: 3972.42 | H78: PO448997 | I78: GR448997 | J78: AP-Mgr-06 | K78: =VALUE(LEFT(TEXT(G78,"0"),1)) -> 3 | L78: =IF(COUNTIFS($B$2:$B$1534,B78,$D$2:$D$1534,D78)>1,1,0) -> 0 | M78: =IF(AND(L78=0,COUNTIFS($B$2:$B$1534,B78,$G$2:$G$1534,G78,$E$2:$E$1534,">="&(E78-Assumptions!$B$5),$E$2:$E$1534,"<="&(E78+Assumptions!$B$5))>1),1,0) -> 0 | N78: =IF(AND(G78>=Assumptions!$B$4*(1-Assumptions!$B$6),G78<Assumptions!$B$4),1,0) -> 0 | O78: =IF(AND(G78>=Assumptions!$B$7,MOD(G78,Assumptions!$B$7)=0),1,0) -> 0 | P78: =IF(OR(H78="",I78=""),1,0) -> 0 | Q78: =IF(WEEKDAY(F78,2)>5,1,0) -> 0 | R78: =L78*Assumptions!$B$11+M78*Assumptions!$B$12+N78*Assumptions!$B$13+O78*Assumptions!$B$14+P78*Assumptions!$B$15+Q78*Assumptions!$B$16 -> 0 | S78: =IF(R78>=Assumptions!$B$20,"High",IF(R78>=Assumptions!$B$21,"Medium",IF(R78>=1,"Low","Clear"))) -> Clear | T78: =IF(R78=0,"",IF(L78=1,"Duplicate invoice; ","")&IF(M78=1,"Near-duplicate; ","")&IF(N78=1,"Just below limit; ","")&IF(O78=1,"Round amount; ","")&IF(P78=1,"No PO/GRN; ","")&IF(Q78=1,"Weekend payment; ",""))
A79: TXN-0078 | B79: V034 | C79: Greenfield Stationery Pvt Ltd | D79: INV-034-27176 | E79: 45767 | F79: 45797 | G79: 425773.2 | H79: PO481006 | I79: GR481006 | J79: AP-Mgr-05 | K79: =VALUE(LEFT(TEXT(G79,"0"),1)) -> 4 | L79: =IF(COUNTIFS($B$2:$B$1534,B79,$D$2:$D$1534,D79)>1,1,0) -> 0 | M79: =IF(AND(L79=0,COUNTIFS($B$2:$B$1534,B79,$G$2:$G$1534,G79,$E$2:$E$1534,">="&(E79-Assumptions!$B$5),$E$2:$E$1534,"<="&(E79+Assumptions!$B$5))>1),1,0) -> 0 | N79: =IF(AND(G79>=Assumptions!$B$4*(1-Assumptions!$B$6),G79<Assumptions!$B$4),1,0) -> 0 | O79: =IF(AND(G79>=Assumptions!$B$7,MOD(G79,Assumptions!$B$7)=0),1,0) -> 0 | P79: =IF(OR(H79="",I79=""),1,0) -> 0 | Q79: =IF(WEEKDAY(F79,2)>5,1,0) -> 0 | R79: =L79*Assumptions!$B$11+M79*Assumptions!$B$12+N79*Assumptions!$B$13+O79*Assumptions!$B$14+P79*Assumptions!$B$15+Q79*Assumptions!$B$16 -> 0 | S79: =IF(R79>=Assumptions!$B$20,"High",IF(R79>=Assumptions!$B$21,"Medium",IF(R79>=1,"Low","Clear"))) -> Clear | T79: =IF(R79=0,"",IF(L79=1,"Duplicate invoice; ","")&IF(M79=1,"Near-duplicate; ","")&IF(N79=1,"Just below limit; ","")&IF(O79=1,"Round amount; ","")&IF(P79=1,"No PO/GRN; ","")&IF(Q79=1,"Weekend payment; ",""))
A80: TXN-0079 | B80: V012 | C80: Trident Office Supplies Pvt Ltd | D80: INV-012-47941 | E80: 45766 | F80: 45798 | G80: 231143.61 | H80: PO424420 | I80: GR424420 | J80: AP-Mgr-01 | K80: =VALUE(LEFT(TEXT(G80,"0"),1)) -> 2 | L80: =IF(COUNTIFS($B$2:$B$1534,B80,$D$2:$D$1534,D80)>1,1,0) -> 0 | M80: =IF(AND(L80=0,COUNTIFS($B$2:$B$1534,B80,$G$2:$G$1534,G80,$E$2:$E$1534,">="&(E80-Assumptions!$B$5),$E$2:$E$1534,"<="&(E80+Assumptions!$B$5))>1),1,0) -> 0 | N80: =IF(AND(G80>=Assumptions!$B$4*(1-Assumptions!$B$6),G80<Assumptions!$B$4),1,0) -> 0 | O80: =IF(AND(G80>=Assumptions!$B$7,MOD(G80,Assumptions!$B$7)=0),1,0) -> 0 | P80: =IF(OR(H80="",I80=""),1,0) -> 0 | Q80: =IF(WEEKDAY(F80,2)>5,1,0) -> 0 | R80: =L80*Assumptions!$B$11+M80*Assumptions!$B$12+N80*Assumptions!$B$13+O80*Assumptions!$B$14+P80*Assumptions!$B$15+Q80*Assumptions!$B$16 -> 0 | S80: =IF(R80>=Assumptions!$B$20,"High",IF(R80>=Assumptions!$B$21,"Medium",IF(R80>=1,"Low","Clear"))) -> Clear | T80: =IF(R80=0,"",IF(L80=1,"Duplicate invoice; ","")&IF(M80=1,"Near-duplicate; ","")&IF(N80=1,"Just below limit; ","")&IF(O80=1,"Round amount; ","")&IF(P80=1,"No PO/GRN; ","")&IF(Q80=1,"Weekend payment; ",""))
A81: TXN-0080 | B81: V019 | C81: Apex Hardware Pvt Ltd | D81: INV-019-55398 | E81: 45769 | F81: 45798 | G81: 734414.35 | H81: PO410358 | I81: GR410358 | J81: AP-Mgr-04 | K81: =VALUE(LEFT(TEXT(G81,"0"),1)) -> 7 | L81: =IF(COUNTIFS($B$2:$B$1534,B81,$D$2:$D$1534,D81)>1,1,0) -> 0 | M81: =IF(AND(L81=0,COUNTIFS($B$2:$B$1534,B81,$G$2:$G$1534,G81,$E$2:$E$1534,">="&(E81-Assumptions!$B$5),$E$2:$E$1534,"<="&(E81+Assumptions!$B$5))>1),1,0) -> 0 | N81: =IF(AND(G81>=Assumptions!$B$4*(1-Assumptions!$B$6),G81<Assumptions!$B$4),1,0) -> 0 | O81: =IF(AND(G81>=Assumptions!$B$7,MOD(G81,Assumptions!$B$7)=0),1,0) -> 0 | P81: =IF(OR(H81="",I81=""),1,0) -> 0 | Q81: =IF(WEEKDAY(F81,2)>5,1,0) -> 0 | R81: =L81*Assumptions!$B$11+M81*Assumptions!$B$12+N81*Assumptions!$B$13+O81*Assumptions!$B$14+P81*Assumptions!$B$15+Q81*Assumptions!$B$16 -> 0 | S81: =IF(R81>=Assumptions!$B$20,"High",IF(R81>=Assumptions!$B$21,"Medium",IF(R81>=1,"Low","Clear"))) -> Clear | T81: =IF(R81=0,"",IF(L81=1,"Duplicate invoice; ","")&IF(M81=1,"Near-duplicate; ","")&IF(N81=1,"Just below limit; ","")&IF(O81=1,"Round amount; ","")&IF(P81=1,"No PO/GRN; ","")&IF(Q81=1,"Weekend payment; ",""))
A82: TXN-0081 | B82: V001 | C82: Unity Logistics Pvt Ltd | D82: INV-001-53231 | E82: 45767 | F82: 45799 | G82: 6299.55 | H82: PO491757 | I82: GR491757 | J82: AP-Mgr-04 | K82: =VALUE(LEFT(TEXT(G82,"0"),1)) -> 6 | L82: =IF(COUNTIFS($B$2:$B$1534,B82,$D$2:$D$1534,D82)>1,1,0) -> 0 | M82: =IF(AND(L82=0,COUNTIFS($B$2:$B$1534,B82,$G$2:$G$1534,G82,$E$2:$E$1534,">="&(E82-Assumptions!$B$5),$E$2:$E$1534,"<="&(E82+Assumptions!$B$5))>1),1,0) -> 0 | N82: =IF(AND(G82>=Assumptions!$B$4*(1-Assumptions!$B$6),G82<Assumptions!$B$4),1,0) -> 0 | O82: =IF(AND(G82>=Assumptions!$B$7,MOD(G82,Assumptions!$B$7)=0),1,0) -> 0 | P82: =IF(OR(H82="",I82=""),1,0) -> 0 | Q82: =IF(WEEKDAY(F82,2)>5,1,0) -> 0 | R82: =L82*Assumptions!$B$11+M82*Assumptions!$B$12+N82*Assumptions!$B$13+O82*Assumptions!$B$14+P82*Assumptions!$B$15+Q82*Assumptions!$B$16 -> 0 | S82: =IF(R82>=Assumptions!$B$20,"High",IF(R82>=Assumptions!$B$21,"Medium",IF(R82>=1,"Low","Clear"))) -> Clear | T82: =IF(R82=0,"",IF(L82=1,"Duplicate invoice; ","")&IF(M82=1,"Near-duplicate; ","")&IF(N82=1,"Just below limit; ","")&IF(O82=1,"Round amount; ","")&IF(P82=1,"No PO/GRN; ","")&IF(Q82=1,"Weekend payment; ",""))
A83: TXN-0082 | B83: V031 | C83: Crestline Travel Desk Pvt Ltd | D83: INV-031-52992 | E83: 45760 | F83: 45799 | G83: 449473.96 | H83: PO473584 | I83: GR473584 | J83: AP-Mgr-05 | K83: =VALUE(LEFT(TEXT(G83,"0"),1)) -> 4 | L83: =IF(COUNTIFS($B$2:$B$1534,B83,$D$2:$D$1534,D83)>1,1,0) -> 0 | M83: =IF(AND(L83=0,COUNTIFS($B$2:$B$1534,B83,$G$2:$G$1534,G83,$E$2:$E$1534,">="&(E83-Assumptions!$B$5),$E$2:$E$1534,"<="&(E83+Assumptions!$B$5))>1),1,0) -> 0 | N83: =IF(AND(G83>=Assumptions!$B$4*(1-Assumptions!$B$6),G83<Assumptions!$B$4),1,0) -> 0 | O83: =IF(AND(G83>=Assumptions!$B$7,MOD(G83,Assumptions!$B$7)=0),1,0) -> 0 | P83: =IF(OR(H83="",I83=""),1,0) -> 0 | Q83: =IF(WEEKDAY(F83,2)>5,1,0) -> 0 | R83: =L83*Assumptions!$B$11+M83*Assumptions!$B$12+N83*Assumptions!$B$13+O83*Assumptions!$B$14+P83*Assumptions!$B$15+Q83*Assumptions!$B$16 -> 0 | S83: =IF(R83>=Assumptions!$B$20,"High",IF(R83>=Assumptions!$B$21,"Medium",IF(R83>=1,"Low","Clear"))) -> Clear | T83: =IF(R83=0,"",IF(L83=1,"Duplicate invoice; ","")&IF(M83=1,"Near-duplicate; ","")&IF(N83=1,"Just below limit; ","")&IF(O83=1,"Round amount; ","")&IF(P83=1,"No PO/GRN; ","")&IF(Q83=1,"Weekend payment; ",""))
A84: TXN-0083 | B84: V036 | C84: Vertex Facility Care Pvt Ltd | D84: INV-036-71726 | E84: 45778 | F84: 45799 | G84: 9967.53 | H84: PO430781 | I84: GR430781 | J84: AP-Mgr-03 | K84: =VALUE(LEFT(TEXT(G84,"0"),1)) -> 9 | L84: =IF(COUNTIFS($B$2:$B$1534,B84,$D$2:$D$1534,D84)>1,1,0) -> 0 | M84: =IF(AND(L84=0,COUNTIFS($B$2:$B$1534,B84,$G$2:$G$1534,G84,$E$2:$E$1534,">="&(E84-Assumptions!$B$5),$E$2:$E$1534,"<="&(E84+Assumptions!$B$5))>1),1,0) -> 0 | N84: =IF(AND(G84>=Assumptions!$B$4*(1-Assumptions!$B$6),G84<Assumptions!$B$4),1,0) -> 0 | O84: =IF(AND(G84>=Assumptions!$B$7,MOD(G84,Assumptions!$B$7)=0),1,0) -> 0 | P84: =IF(OR(H84="",I84=""),1,0) -> 0 | Q84: =IF(WEEKDAY(F84,2)>5,1,0) -> 0 | R84: =L84*Assumptions!$B$11+M84*Assumptions!$B$12+N84*Assumptions!$B$13+O84*Assumptions!$B$14+P84*Assumptions!$B$15+Q84*Assumptions!$B$16 -> 0 | S84: =IF(R84>=Assumptions!$B$20,"High",IF(R84>=Assumptions!$B$21,"Medium",IF(R84>=1,"Low","Clear"))) -> Clear | T84: =IF(R84=0,"",IF(L84=1,"Duplicate invoice; ","")&IF(M84=1,"Near-duplicate; ","")&IF(N84=1,"Just below limit; ","")&IF(O84=1,"Round amount; ","")&IF(P84=1,"No PO/GRN; ","")&IF(Q84=1,"Weekend payment; ",""))
A85: TXN-0084 | B85: V012 | C85: Trident Office Supplies Pvt Ltd | D85: INV-012-84323 | E85: 45761 | F85: 45800 | G85: 70931.56 | H85: PO479377 | I85: GR479377 | J85: AP-Mgr-05 | K85: =VALUE(LEFT(TEXT(G85,"0"),1)) -> 7 | L85: =IF(COUNTIFS($B$2:$B$1534,B85,$D$2:$D$1534,D85)>1,1,0) -> 0 | M85: =IF(AND(L85=0,COUNTIFS($B$2:$B$1534,B85,$G$2:$G$1534,G85,$E$2:$E$1534,">="&(E85-Assumptions!$B$5),$E$2:$E$1534,"<="&(E85+Assumptions!$B$5))>1),1,0) -> 0 | N85: =IF(AND(G85>=Assumptions!$B$4*(1-Assumptions!$B$6),G85<Assumptions!$B$4),1,0) -> 0 | O85: =IF(AND(G85>=Assumptions!$B$7,MOD(G85,Assumptions!$B$7)=0),1,0) -> 0 | P85: =IF(OR(H85="",I85=""),1,0) -> 0 | Q85: =IF(WEEKDAY(F85,2)>5,1,0) -> 0 | R85: =L85*Assumptions!$B$11+M85*Assumptions!$B$12+N85*Assumptions!$B$13+O85*Assumptions!$B$14+P85*Assumptions!$B$15+Q85*Assumptions!$B$16 -> 0 | S85: =IF(R85>=Assumptions!$B$20,"High",IF(R85>=Assumptions!$B$21,"Medium",IF(R85>=1,"Low","Clear"))) -> Clear | T85: =IF(R85=0,"",IF(L85=1,"Duplicate invoice; ","")&IF(M85=1,"Near-duplicate; ","")&IF(N85=1,"Just below limit; ","")&IF(O85=1,"Round amount; ","")&IF(P85=1,"No PO/GRN; ","")&IF(Q85=1,"Weekend payment; ",""))
A86: TXN-0085 | B86: V029 | C86: Orbit Travel Desk Pvt Ltd | D86: INV-029-47752 | E86: 45774 | F86: 45800 | G86: 6326.58 | H86: PO417172 | I86: GR417172 | J86: AP-Mgr-04 | K86: =VALUE(LEFT(TEXT(G86,"0"),1)) -> 6 | L86: =IF(COUNTIFS($B$2:$B$1534,B86,$D$2:$D$1534,D86)>1,1,0) -> 0 | M86: =IF(AND(L86=0,COUNTIFS($B$2:$B$1534,B86,$G$2:$G$1534,G86,$E$2:$E$1534,">="&(E86-Assumptions!$B$5),$E$2:$E$1534,"<="&(E86+Assumptions!$B$5))>1),1,0) -> 0 | N86: =IF(AND(G86>=Assumptions!$B$4*(1-Assumptions!$B$6),G86<Assumptions!$B$4),1,0) -> 0 | O86: =IF(AND(G86>=Assumptions!$B$7,MOD(G86,Assumptions!$B$7)=0),1,0) -> 0 | P86: =IF(OR(H86="",I86=""),1,0) -> 0 | Q86: =IF(WEEKDAY(F86,2)>5,1,0) -> 0 | R86: =L86*Assumptions!$B$11+M86*Assumptions!$B$12+N86*Assumptions!$B$13+O86*Assumptions!$B$14+P86*Assumptions!$B$15+Q86*Assumptions!$B$16 -> 0 | S86: =IF(R86>=Assumptions!$B$20,"High",IF(R86>=Assumptions!$B$21,"Medium",IF(R86>=1,"Low","Clear"))) -> Clear | T86: =IF(R86=0,"",IF(L86=1,"Duplicate invoice; ","")&IF(M86=1,"Near-duplicate; ","")&IF(N86=1,"Just below limit; ","")&IF(O86=1,"Round amount; ","")&IF(P86=1,"No PO/GRN; ","")&IF(Q86=1,"Weekend payment; ",""))
A87: TXN-0086 | B87: V002 | C87: Apex Stationery Pvt Ltd | D87: INV-002-84000 | E87: 45773 | F87: 45803 | G87: 5379.06 | H87: PO416505 | I87: GR416505 | J87: AP-Mgr-02 | K87: =VALUE(LEFT(TEXT(G87,"0"),1)) -> 5 | L87: =IF(COUNTIFS($B$2:$B$1534,B87,$D$2:$D$1534,D87)>1,1,0) -> 0 | M87: =IF(AND(L87=0,COUNTIFS($B$2:$B$1534,B87,$G$2:$G$1534,G87,$E$2:$E$1534,">="&(E87-Assumptions!$B$5),$E$2:$E$1534,"<="&(E87+Assumptions!$B$5))>1),1,0) -> 0 | N87: =IF(AND(G87>=Assumptions!$B$4*(1-Assumptions!$B$6),G87<Assumptions!$B$4),1,0) -> 0 | O87: =IF(AND(G87>=Assumptions!$B$7,MOD(G87,Assumptions!$B$7)=0),1,0) -> 0 | P87: =IF(OR(H87="",I87=""),1,0) -> 0 | Q87: =IF(WEEKDAY(F87,2)>5,1,0) -> 0 | R87: =L87*Assumptions!$B$11+M87*Assumptions!$B$12+N87*Assumptions!$B$13+O87*Assumptions!$B$14+P87*Assumptions!$B$15+Q87*Assumptions!$B$16 -> 0 | S87: =IF(R87>=Assumptions!$B$20,"High",IF(R87>=Assumptions!$B$21,"Medium",IF(R87>=1,"Low","Clear"))) -> Clear | T87: =IF(R87=0,"",IF(L87=1,"Duplicate invoice; ","")&IF(M87=1,"Near-duplicate; ","")&IF(N87=1,"Just below limit; ","")&IF(O87=1,"Round amount; ","")&IF(P87=1,"No PO/GRN; ","")&IF(Q87=1,"Weekend payment; ",""))
A88: TXN-0087 | B88: V009 | C88: Bluepeak Office Supplies Pvt Ltd | D88: INV-009-67067 | E88: 45769 | F88: 45803 | G88: 1718.33 | H88: PO489538 | I88: GR489538 | J88: AP-Mgr-02 | K88: =VALUE(LEFT(TEXT(G88,"0"),1)) -> 1 | L88: =IF(COUNTIFS($B$2:$B$1534,B88,$D$2:$D$1534,D88)>1,1,0) -> 0 | M88: =IF(AND(L88=0,COUNTIFS($B$2:$B$1534,B88,$G$2:$G$1534,G88,$E$2:$E$1534,">="&(E88-Assumptions!$B$5),$E$2:$E$1534,"<="&(E88+Assumptions!$B$5))>1),1,0) -> 0 | N88: =IF(AND(G88>=Assumptions!$B$4*(1-Assumptions!$B$6),G88<Assumptions!$B$4),1,0) -> 0 | O88: =IF(AND(G88>=Assumptions!$B$7,MOD(G88,Assumptions!$B$7)=0),1,0) -> 0 | P88: =IF(OR(H88="",I88=""),1,0) -> 0 | Q88: =IF(WEEKDAY(F88,2)>5,1,0) -> 0 | R88: =L88*Assumptions!$B$11+M88*Assumptions!$B$12+N88*Assumptions!$B$13+O88*Assumptions!$B$14+P88*Assumptions!$B$15+Q88*Assumptions!$B$16 -> 0 | S88: =IF(R88>=Assumptions!$B$20,"High",IF(R88>=Assumptions!$B$21,"Medium",IF(R88>=1,"Low","Clear"))) -> Clear | T88: =IF(R88=0,"",IF(L88=1,"Duplicate invoice; ","")&IF(M88=1,"Near-duplicate; ","")&IF(N88=1,"Just below limit; ","")&IF(O88=1,"Round amount; ","")&IF(P88=1,"No PO/GRN; ","")&IF(Q88=1,"Weekend payment; ",""))
... A139: TXN-0138 | B139: V040 | C139: Unity Maintenance Pvt Ltd | D139: INV-040-37235 | E139: 45778 | F139: 45817 | G139: 759147.79 | H139: PO413006 | I139: GR413006 | J139: AP-Mgr-06 | K139: =VALUE(LEFT(TEXT(G139,"0"),1)) -> 7 | L139: =IF(COUNTIFS($B$2:$B$1534,B139,$D$2:$D$1534,D139)>1,1,0) -> 0 | M139: =IF(AND(L139=0,COUNTIFS($B$2:$B$1534,B139,$G$2:$G$1534,G139,$E$2:$E$1534,">="&(E139-Assumptions!$B$5),$E$2:$E$1534,"<="&(E139+Assumptions!$B$5))>1),1,0) -> 0 | N139: =IF(AND(G139>=Assumptions!$B$4*(1-Assumptions!$B$6),G139<Assumptions!$B$4),1,0) -> 0 | O139: =IF(AND(G139>=Assumptions!$B$7,MOD(G139,Assumptions!$B$7)=0),1,0) -> 0 | P139: =IF(OR(H139="",I139=""),1,0) -> 0 | Q139: =IF(WEEKDAY(F139,2)>5,1,0) -> 0 | R139: =L139*Assumptions!$B$11+M139*Assumptions!$B$12+N139*Assumptions!$B$13+O139*Assumptions!$B$14+P139*Assumptions!$B$15+Q139*Assumptions!$B$16 -> 0 | S139: =IF(R139>=Assumptions!$B$20,"High",IF(R139>=Assumptions!$B$21,"Medium",IF(R139>=1,"Low","Clear"))) -> Clear | T139: =IF(R139=0,"",IF(L139=1,"Duplicate invoice; ","")&IF(M139=1,"Near-duplicate; ","")&IF(N139=1,"Just below limit; ","")&IF(O139=1,"Round amount; ","")&IF(P139=1,"No PO/GRN; ","")&IF(Q139=1,"Weekend payment; ",""))
A140: TXN-0139 | B140: V004 | C140: Horizon IT Services Pvt Ltd | D140: INV-004-33590 | E140: 45783 | F140: 45818 | G140: 1245.1 | J140: AP-Mgr-02 | K140: =VALUE(LEFT(TEXT(G140,"0"),1)) -> 1 | L140: =IF(COUNTIFS($B$2:$B$1534,B140,$D$2:$D$1534,D140)>1,1,0) -> 0 | M140: =IF(AND(L140=0,COUNTIFS($B$2:$B$1534,B140,$G$2:$G$1534,G140,$E$2:$E$1534,">="&(E140-Assumptions!$B$5),$E$2:$E$1534,"<="&(E140+Assumptions!$B$5))>1),1,0) -> 0 | N140: =IF(AND(G140>=Assumptions!$B$4*(1-Assumptions!$B$6),G140<Assumptions!$B$4),1,0) -> 0 | O140: =IF(AND(G140>=Assumptions!$B$7,MOD(G140,Assumptions!$B$7)=0),1,0) -> 0 | P140: =IF(OR(H140="",I140=""),1,0) -> 1 | Q140: =IF(WEEKDAY(F140,2)>5,1,0) -> 0 | R140: =L140*Assumptions!$B$11+M140*Assumptions!$B$12+N140*Assumptions!$B$13+O140*Assumptions!$B$14+P140*Assumptions!$B$15+Q140*Assumptions!$B$16 -> 4 | S140: =IF(R140>=Assumptions!$B$20,"High",IF(R140>=Assumptions!$B$21,"Medium",IF(R140>=1,"Low","Clear"))) -> Medium | T140: =IF(R140=0,"",IF(L140=1,"Duplicate invoice; ","")&IF(M140=1,"Near-duplicate; ","")&IF(N140=1,"Just below limit; ","")&IF(O140=1,"Round amount; ","")&IF(P140=1,"No PO/GRN; ","")&IF(Q140=1,"Weekend payment; ","")) -> No PO/GRN;
A141: TXN-0140 | B141: V017 | C141: Orbit Catering Pvt Ltd | D141: INV-017-59666 | E141: 45799 | F141: 45819 | G141: 312131.22 | H141: PO417988 | I141: GR417988 | J141: AP-Mgr-06 | K141: =VALUE(LEFT(TEXT(G141,"0"),1)) -> 3 | L141: =IF(COUNTIFS($B$2:$B$1534,B141,$D$2:$D$1534,D141)>1,1,0) -> 0 | M141: =IF(AND(L141=0,COUNTIFS($B$2:$B$1534,B141,$G$2:$G$1534,G141,$E$2:$E$1534,">="&(E141-Assumptions!$B$5),$E$2:$E$1534,"<="&(E141+Assumptions!$B$5))>1),1,0) -> 0 | N141: =IF(AND(G141>=Assumptions!$B$4*(1-Assumptions!$B$6),G141<Assumptions!$B$4),1,0) -> 0 | O141: =IF(AND(G141>=Assumptions!$B$7,MOD(G141,Assumptions!$B$7)=0),1,0) -> 0 | P141: =IF(OR(H141="",I141=""),1,0) -> 0 | Q141: =IF(WEEKDAY(F141,2)>5,1,0) -> 0 | R141: =L141*Assumptions!$B$11+M141*Assumptions!$B$12+N141*Assumptions!$B$13+O141*Assumptions!$B$14+P141*Assumptions!$B$15+Q141*Assumptions!$B$16 -> 0 | S141: =IF(R141>=Assumptions!$B$20,"High",IF(R141>=Assumptions!$B$21,"Medium",IF(R141>=1,"Low","Clear"))) -> Clear | T141: =IF(R141=0,"",IF(L141=1,"Duplicate invoice; ","")&IF(M141=1,"Near-duplicate; ","")&IF(N141=1,"Just below limit; ","")&IF(O141=1,"Round amount; ","")&IF(P141=1,"No PO/GRN; ","")&IF(Q141=1,"Weekend payment; ",""))
A142: TXN-0141 | B142: V023 | C142: Greenfield Hardware Pvt Ltd | D142: INV-023-81650 | E142: 45790 | F142: 45819 | G142: 337139.91 | H142: PO467212 | I142: GR467212 | J142: AP-Mgr-06 | K142: =VALUE(LEFT(TEXT(G142,"0"),1)) -> 3 | L142: =IF(COUNTIFS($B$2:$B$1534,B142,$D$2:$D$1534,D142)>1,1,0) -> 0 | M142: =IF(AND(L142=0,COUNTIFS($B$2:$B$1534,B142,$G$2:$G$1534,G142,$E$2:$E$1534,">="&(E142-Assumptions!$B$5),$E$2:$E$1534,"<="&(E142+Assumptions!$B$5))>1),1,0) -> 0 | N142: =IF(AND(G142>=Assumptions!$B$4*(1-Assumptions!$B$6),G142<Assumptions!$B$4),1,0) -> 0 | O142: =IF(AND(G142>=Assumptions!$B$7,MOD(G142,Assumptions!$B$7)=0),1,0) -> 0 | P142: =IF(OR(H142="",I142=""),1,0) -> 0 | Q142: =IF(WEEKDAY(F142,2)>5,1,0) -> 0 | R142: =L142*Assumptions!$B$11+M142*Assumptions!$B$12+N142*Assumptions!$B$13+O142*Assumptions!$B$14+P142*Assumptions!$B$15+Q142*Assumptions!$B$16 -> 0 | S142: =IF(R142>=Assumptions!$B$20,"High",IF(R142>=Assumptions!$B$21,"Medium",IF(R142>=1,"Low","Clear"))) -> Clear | T142: =IF(R142=0,"",IF(L142=1,"Duplicate invoice; ","")&IF(M142=1,"Near-duplicate; ","")&IF(N142=1,"Just below limit; ","")&IF(O142=1,"Round amount; ","")&IF(P142=1,"No PO/GRN; ","")&IF(Q142=1,"Weekend payment; ",""))
A143: TXN-0142 | B143: V031 | C143: Crestline Travel Desk Pvt Ltd | D143: INV-031-38655 | E143: 45786 | F143: 45819 | G143: 2570.21 | H143: PO461506 | I143: GR461506 | J143: AP-Mgr-02 | K143: =VALUE(LEFT(TEXT(G143,"0"),1)) -> 2 | L143: =IF(COUNTIFS($B$2:$B$1534,B143,$D$2:$D$1534,D143)>1,1,0) -> 0 | M143: =IF(AND(L143=0,COUNTIFS($B$2:$B$1534,B143,$G$2:$G$1534,G143,$E$2:$E$1534,">="&(E143-Assumptions!$B$5),$E$2:$E$1534,"<="&(E143+Assumptions!$B$5))>1),1,0) -> 1 | N143: =IF(AND(G143>=Assumptions!$B$4*(1-Assumptions!$B$6),G143<Assumptions!$B$4),1,0) -> 0 | O143: =IF(AND(G143>=Assumptions!$B$7,MOD(G143,Assumptions!$B$7)=0),1,0) -> 0 | P143: =IF(OR(H143="",I143=""),1,0) -> 0 | Q143: =IF(WEEKDAY(F143,2)>5,1,0) -> 0 | R143: =L143*Assumptions!$B$11+M143*Assumptions!$B$12+N143*Assumptions!$B$13+O143*Assumptions!$B$14+P143*Assumptions!$B$15+Q143*Assumptions!$B$16 -> 3 | S143: =IF(R143>=Assumptions!$B$20,"High",IF(R143>=Assumptions!$B$21,"Medium",IF(R143>=1,"Low","Clear"))) -> Medium | T143: =IF(R143=0,"",IF(L143=1,"Duplicate invoice; ","")&IF(M143=1,"Near-duplicate; ","")&IF(N143=1,"Just below limit; ","")&IF(O143=1,"Round amount; ","")&IF(P143=1,"No PO/GRN; ","")&IF(Q143=1,"Weekend payment; ","")) -> Near-duplicate;
A144: TXN-0143 | B144: V004 | C144: Horizon IT Services Pvt Ltd | D144: INV-004-63347 | E144: 45790 | F144: 45820 | G144: 63796.85 | H144: PO408333 | I144: GR408333 | J144: AP-Mgr-03 | K144: =VALUE(LEFT(TEXT(G144,"0"),1)) -> 6 | L144: =IF(COUNTIFS($B$2:$B$1534,B144,$D$2:$D$1534,D144)>1,1,0) -> 0 | M144: =IF(AND(L144=0,COUNTIFS($B$2:$B$1534,B144,$G$2:$G$1534,G144,$E$2:$E$1534,">="&(E144-Assumptions!$B$5),$E$2:$E$1534,"<="&(E144+Assumptions!$B$5))>1),1,0) -> 0 | N144: =IF(AND(G144>=Assumptions!$B$4*(1-Assumptions!$B$6),G144<Assumptions!$B$4),1,0) -> 0 | O144: =IF(AND(G144>=Assumptions!$B$7,MOD(G144,Assumptions!$B$7)=0),1,0) -> 0 | P144: =IF(OR(H144="",I144=""),1,0) -> 0 | Q144: =IF(WEEKDAY(F144,2)>5,1,0) -> 0 | R144: =L144*Assumptions!$B$11+M144*Assumptions!$B$12+N144*Assumptions!$B$13+O144*Assumptions!$B$14+P144*Assumptions!$B$15+Q144*Assumptions!$B$16 -> 0 | S144: =IF(R144>=Assumptions!$B$20,"High",IF(R144>=Assumptions!$B$21,"Medium",IF(R144>=1,"Low","Clear"))) -> Clear | T144: =IF(R144=0,"",IF(L144=1,"Duplicate invoice; ","")&IF(M144=1,"Near-duplicate; ","")&IF(N144=1,"Just below limit; ","")&IF(O144=1,"Round amount; ","")&IF(P144=1,"No PO/GRN; ","")&IF(Q144=1,"Weekend payment; ",""))
A145: TXN-0144 | B145: V032 | C145: Jaywalk Maintenance Pvt Ltd | D145: INV-032-96474 | E145: 45783 | F145: 45820 | G145: 198382.47 | H145: PO416828 | I145: GR416828 | J145: AP-Mgr-04 | K145: =VALUE(LEFT(TEXT(G145,"0"),1)) -> 1 | L145: =IF(COUNTIFS($B$2:$B$1534,B145,$D$2:$D$1534,D145)>1,1,0) -> 0 | M145: =IF(AND(L145=0,COUNTIFS($B$2:$B$1534,B145,$G$2:$G$1534,G145,$E$2:$E$1534,">="&(E145-Assumptions!$B$5),$E$2:$E$1534,"<="&(E145+Assumptions!$B$5))>1),1,0) -> 0 | N145: =IF(AND(G145>=Assumptions!$B$4*(1-Assumptions!$B$6),G145<Assumptions!$B$4),1,0) -> 0 | O145: =IF(AND(G145>=Assumptions!$B$7,MOD(G145,Assumptions!$B$7)=0),1,0) -> 0 | P145: =IF(OR(H145="",I145=""),1,0) -> 0 | Q145: =IF(WEEKDAY(F145,2)>5,1,0) -> 0 | R145: =L145*Assumptions!$B$11+M145*Assumptions!$B$12+N145*Assumptions!$B$13+O145*Assumptions!$B$14+P145*Assumptions!$B$15+Q145*Assumptions!$B$16 -> 0 | S145: =IF(R145>=Assumptions!$B$20,"High",IF(R145>=Assumptions!$B$21,"Medium",IF(R145>=1,"Low","Clear"))) -> Clear | T145: =IF(R145=0,"",IF(L145=1,"Duplicate invoice; ","")&IF(M145=1,"Near-duplicate; ","")&IF(N145=1,"Just below limit; ","")&IF(O145=1,"Round amount; ","")&IF(P145=1,"No PO/GRN; ","")&IF(Q145=1,"Weekend payment; ",""))
A146: TXN-0145 | B146: V032 | C146: Jaywalk Maintenance Pvt Ltd | D146: INV-032-72746 | E146: 45800 | F146: 45820 | G146: 52746.38 | H146: PO461524 | I146: GR461524 | J146: AP-Mgr-04 | K146: =VALUE(LEFT(TEXT(G146,"0"),1)) -> 5 | L146: =IF(COUNTIFS($B$2:$B$1534,B146,$D$2:$D$1534,D146)>1,1,0) -> 0 | M146: =IF(AND(L146=0,COUNTIFS($B$2:$B$1534,B146,$G$2:$G$1534,G146,$E$2:$E$1534,">="&(E146-Assumptions!$B$5),$E$2:$E$1534,"<="&(E146+Assumptions!$B$5))>1),1,0) -> 0 | N146: =IF(AND(G146>=Assumptions!$B$4*(1-Assumptions!$B$6),G146<Assumptions!$B$4),1,0) -> 0 | O146: =IF(AND(G146>=Assumptions!$B$7,MOD(G146,Assumptions!$B$7)=0),1,0) -> 0 | P146: =IF(OR(H146="",I146=""),1,0) -> 0 | Q146: =IF(WEEKDAY(F146,2)>5,1,0) -> 0 | R146: =L146*Assumptions!$B$11+M146*Assumptions!$B$12+N146*Assumptions!$B$13+O146*Assumptions!$B$14+P146*Assumptions!$B$15+Q146*Assumptions!$B$16 -> 0 | S146: =IF(R146>=Assumptions!$B$20,"High",IF(R146>=Assumptions!$B$21,"Medium",IF(R146>=1,"Low","Clear"))) -> Clear | T146: =IF(R146=0,"",IF(L146=1,"Duplicate invoice; ","")&IF(M146=1,"Near-duplicate; ","")&IF(N146=1,"Just below limit; ","")&IF(O146=1,"Round amount; ","")&IF(P146=1,"No PO/GRN; ","")&IF(Q146=1,"Weekend payment; ",""))
A147: TXN-0146 | B147: V036 | C147: Vertex Facility Care Pvt Ltd | D147: INV-036-55069 | E147: 45791 | F147: 45820 | G147: 4267.35 | H147: PO497180 | I147: GR497180 | J147: AP-Mgr-02 | K147: =VALUE(LEFT(TEXT(G147,"0"),1)) -> 4 | L147: =IF(COUNTIFS($B$2:$B$1534,B147,$D$2:$D$1534,D147)>1,1,0) -> 0 | M147: =IF(AND(L147=0,COUNTIFS($B$2:$B$1534,B147,$G$2:$G$1534,G147,$E$2:$E$1534,">="&(E147-Assumptions!$B$5),$E$2:$E$1534,"<="&(E147+Assumptions!$B$5))>1),1,0) -> 0 | N147: =IF(AND(G147>=Assumptions!$B$4*(1-Assumptions!$B$6),G147<Assumptions!$B$4),1,0) -> 0 | O147: =IF(AND(G147>=Assumptions!$B$7,MOD(G147,Assumptions!$B$7)=0),1,0) -> 0 | P147: =IF(OR(H147="",I147=""),1,0) -> 0 | Q147: =IF(WEEKDAY(F147,2)>5,1,0) -> 0 | R147: =L147*Assumptions!$B$11+M147*Assumptions!$B$12+N147*Assumptions!$B$13+O147*Assumptions!$B$14+P147*Assumptions!$B$15+Q147*Assumptions!$B$16 -> 0 | S147: =IF(R147>=Assumptions!$B$20,"High",IF(R147>=Assumptions!$B$21,"Medium",IF(R147>=1,"Low","Clear"))) -> Clear | T147: =IF(R147=0,"",IF(L147=1,"Duplicate invoice; ","")&IF(M147=1,"Near-duplicate; ","")&IF(N147=1,"Just below limit; ","")&IF(O147=1,"Round amount; ","")&IF(P147=1,"No PO/GRN; ","")&IF(Q147=1,"Weekend payment; ",""))
A148: TXN-0147 | B148: V004 | C148: Horizon IT Services Pvt Ltd | D148: INV-004-22130 | E148: 45784 | F148: 45821 | G148: 717299.56 | H148: PO449989 | I148: GR449989 | J148: AP-Mgr-04 | K148: =VALUE(LEFT(TEXT(G148,"0"),1)) -> 7 | L148: =IF(COUNTIFS($B$2:$B$1534,B148,$D$2:$D$1534,D148)>1,1,0) -> 0 | M148: =IF(AND(L148=0,COUNTIFS($B$2:$B$1534,B148,$G$2:$G$1534,G148,$E$2:$E$1534,">="&(E148-Assumptions!$B$5),$E$2:$E$1534,"<="&(E148+Assumptions!$B$5))>1),1,0) -> 0 | N148: =IF(AND(G148>=Assumptions!$B$4*(1-Assumptions!$B$6),G148<Assumptions!$B$4),1,0) -> 0 | O148: =IF(AND(G148>=Assumptions!$B$7,MOD(G148,Assumptions!$B$7)=0),1,0) -> 0 | P148: =IF(OR(H148="",I148=""),1,0) -> 0 | Q148: =IF(WEEKDAY(F148,2)>5,1,0) -> 0 | R148: =L148*Assumptions!$B$11+M148*Assumptions!$B$12+N148*Assumptions!$B$13+O148*Assumptions!$B$14+P148*Assumptions!$B$15+Q148*Assumptions!$B$16 -> 0 | S148: =IF(R148>=Assumptions!$B$20,"High",IF(R148>=Assumptions!$B$21,"Medium",IF(R148>=1,"Low","Clear"))) -> Clear | T148: =IF(R148=0,"",IF(L148=1,"Duplicate invoice; ","")&IF(M148=1,"Near-duplicate; ","")&IF(N148=1,"Just below limit; ","")&IF(O148=1,"Round amount; ","")&IF(P148=1,"No PO/GRN; ","")&IF(Q148=1,"Weekend payment; ",""))
A149: TXN-0148 | B149: V009 | C149: Bluepeak Office Supplies Pvt Ltd | D149: INV-009-20188 | E149: 45788 | F149: 45821 | G149: 118155.63 | H149: PO414643 | I149: GR414643 | J149: AP-Mgr-01 | K149: =VALUE(LEFT(TEXT(G149,"0"),1)) -> 1 | L149: =IF(COUNTIFS($B$2:$B$1534,B149,$D$2:$D$1534,D149)>1,1,0) -> 0 | M149: =IF(AND(L149=0,COUNTIFS($B$2:$B$1534,B149,$G$2:$G$1534,G149,$E$2:$E$1534,">="&(E149-Assumptions!$B$5),$E$2:$E$1534,"<="&(E149+Assumptions!$B$5))>1),1,0) -> 0 | N149: =IF(AND(G149>=Assumptions!$B$4*(1-Assumptions!$B$6),G149<Assumptions!$B$4),1,0) -> 0 | O149: =IF(AND(G149>=Assumptions!$B$7,MOD(G149,Assumptions!$B$7)=0),1,0) -> 0 | P149: =IF(OR(H149="",I149=""),1,0) -> 0 | Q149: =IF(WEEKDAY(F149,2)>5,1,0) -> 0 | R149: =L149*Assumptions!$B$11+M149*Assumptions!$B$12+N149*Assumptions!$B$13+O149*Assumptions!$B$14+P149*Assumptions!$B$15+Q149*Assumptions!$B$16 -> 0 | S149: =IF(R149>=Assumptions!$B$20,"High",IF(R149>=Assumptions!$B$21,"Medium",IF(R149>=1,"Low","Clear"))) -> Clear | T149: =IF(R149=0,"",IF(L149=1,"Duplicate invoice; ","")&IF(M149=1,"Near-duplicate; ","")&IF(N149=1,"Just below limit; ","")&IF(O149=1,"Round amount; ","")&IF(P149=1,"No PO/GRN; ","")&IF(Q149=1,"Weekend payment; ",""))
A150: TXN-0149 | B150: V026 | C150: Delta Consulting Pvt Ltd | D150: INV-026-73185 | E150: 45783 | F150: 45822 | G150: 4759.27 | H150: PO450387 | I150: GR450387 | J150: AP-Mgr-01 | K150: =VALUE(LEFT(TEXT(G150,"0"),1)) -> 4 | L150: =IF(COUNTIFS($B$2:$B$1534,B150,$D$2:$D$1534,D150)>1,1,0) -> 0 | M150: =IF(AND(L150=0,COUNTIFS($B$2:$B$1534,B150,$G$2:$G$1534,G150,$E$2:$E$1534,">="&(E150-Assumptions!$B$5),$E$2:$E$1534,"<="&(E150+Assumptions!$B$5))>1),1,0) -> 0 | N150: =IF(AND(G150>=Assumptions!$B$4*(1-Assumptions!$B$6),G150<Assumptions!$B$4),1,0) -> 0 | O150: =IF(AND(G150>=Assumptions!$B$7,MOD(G150,Assumptions!$B$7)=0),1,0) -> 0 | P150: =IF(OR(H150="",I150=""),1,0) -> 0 | Q150: =IF(WEEKDAY(F150,2)>5,1,0) -> 1 | R150: =L150*Assumptions!$B$11+M150*Assumptions!$B$12+N150*Assumptions!$B$13+O150*Assumptions!$B$14+P150*Assumptions!$B$15+Q150*Assumptions!$B$16 -> 1 | S150: =IF(R150>=Assumptions!$B$20,"High",IF(R150>=Assumptions!$B$21,"Medium",IF(R150>=1,"Low","Clear"))) -> Low | T150: =IF(R150=0,"",IF(L150=1,"Duplicate invoice; ","")&IF(M150=1,"Near-duplicate; ","")&IF(N150=1,"Just below limit; ","")&IF(O150=1,"Round amount; ","")&IF(P150=1,"No PO/GRN; ","")&IF(Q150=1,"Weekend payment; ","")) -> Weekend payment;
A151: TXN-0150 | B151: V003 | C151: Ironwood Facility Care Pvt Ltd | D151: INV-003-30715 | E151: 45801 | F151: 45824 | G151: 595091.9 | H151: PO423053 | I151: GR423053 | J151: AP-Mgr-01 | K151: =VALUE(LEFT(TEXT(G151,"0"),1)) -> 5 | L151: =IF(COUNTIFS($B$2:$B$1534,B151,$D$2:$D$1534,D151)>1,1,0) -> 0 | M151: =IF(AND(L151=0,COUNTIFS($B$2:$B$1534,B151,$G$2:$G$1534,G151,$E$2:$E$1534,">="&(E151-Assumptions!$B$5),$E$2:$E$1534,"<="&(E151+Assumptions!$B$5))>1),1,0) -> 0 | N151: =IF(AND(G151>=Assumptions!$B$4*(1-Assumptions!$B$6),G151<Assumptions!$B$4),1,0) -> 0 | O151: =IF(AND(G151>=Assumptions!$B$7,MOD(G151,Assumptions!$B$7)=0),1,0) -> 0 | P151: =IF(OR(H151="",I151=""),1,0) -> 0 | Q151: =IF(WEEKDAY(F151,2)>5,1,0) -> 0 | R151: =L151*Assumptions!$B$11+M151*Assumptions!$B$12+N151*Assumptions!$B$13+O151*Assumptions!$B$14+P151*Assumptions!$B$15+Q151*Assumptions!$B$16 -> 0 | S151: =IF(R151>=Assumptions!$B$20,"High",IF(R151>=Assumptions!$B$21,"Medium",IF(R151>=1,"Low","Clear"))) -> Clear | T151: =IF(R151=0,"",IF(L151=1,"Duplicate invoice; ","")&IF(M151=1,"Near-duplicate; ","")&IF(N151=1,"Just below limit; ","")&IF(O151=1,"Round amount; ","")&IF(P151=1,"No PO/GRN; ","")&IF(Q151=1,"Weekend payment; ",""))
A152: TXN-0151 | B152: V004 | C152: Horizon IT Services Pvt Ltd | D152: INV-004-57214 | E152: 45799 | F152: 45824 | G152: 419200.07 | H152: PO438085 | I152: GR438085 | J152: AP-Mgr-06 | K152: =VALUE(LEFT(TEXT(G152,"0"),1)) -> 4 | L152: =IF(COUNTIFS($B$2:$B$1534,B152,$D$2:$D$1534,D152)>1,1,0) -> 0 | M152: =IF(AND(L152=0,COUNTIFS($B$2:$B$1534,B152,$G$2:$G$1534,G152,$E$2:$E$1534,">="&(E152-Assumptions!$B$5),$E$2:$E$1534,"<="&(E152+Assumptions!$B$5))>1),1,0) -> 0 | N152: =IF(AND(G152>=Assumptions!$B$4*(1-Assumptions!$B$6),G152<Assumptions!$B$4),1,0) -> 0 | O152: =IF(AND(G152>=Assumptions!$B$7,MOD(G152,Assumptions!$B$7)=0),1,0) -> 0 | P152: =IF(OR(H152="",I152=""),1,0) -> 0 | Q152: =IF(WEEKDAY(F152,2)>5,1,0) -> 0 | R152: =L152*Assumptions!$B$11+M152*Assumptions!$B$12+N152*Assumptions!$B$13+O152*Assumptions!$B$14+P152*Assumptions!$B$15+Q152*Assumptions!$B$16 -> 0 | S152: =IF(R152>=Assumptions!$B$20,"High",IF(R152>=Assumptions!$B$21,"Medium",IF(R152>=1,"Low","Clear"))) -> Clear | T152: =IF(R152=0,"",IF(L152=1,"Duplicate invoice; ","")&IF(M152=1,"Near-duplicate; ","")&IF(N152=1,"Just below limit; ","")&IF(O152=1,"Round amount; ","")&IF(P152=1,"No PO/GRN; ","")&IF(Q152=1,"Weekend payment; ",""))
... A168: TXN-0167 | B168: V039 | C168: Ironwood Electricals Pvt Ltd | D168: INV-039-57419 | E168: 45789 | F168: 45825 | G168: 21889.91 | H168: PO492244 | I168: GR492244 | J168: AP-Mgr-01 | K168: =VALUE(LEFT(TEXT(G168,"0"),1)) -> 2 | L168: =IF(COUNTIFS($B$2:$B$1534,B168,$D$2:$D$1534,D168)>1,1,0) -> 0 | M168: =IF(AND(L168=0,COUNTIFS($B$2:$B$1534,B168,$G$2:$G$1534,G168,$E$2:$E$1534,">="&(E168-Assumptions!$B$5),$E$2:$E$1534,"<="&(E168+Assumptions!$B$5))>1),1,0) -> 0 | N168: =IF(AND(G168>=Assumptions!$B$4*(1-Assumptions!$B$6),G168<Assumptions!$B$4),1,0) -> 0 | O168: =IF(AND(G168>=Assumptions!$B$7,MOD(G168,Assumptions!$B$7)=0),1,0) -> 0 | P168: =IF(OR(H168="",I168=""),1,0) -> 0 | Q168: =IF(WEEKDAY(F168,2)>5,1,0) -> 0 | R168: =L168*Assumptions!$B$11+M168*Assumptions!$B$12+N168*Assumptions!$B$13+O168*Assumptions!$B$14+P168*Assumptions!$B$15+Q168*Assumptions!$B$16 -> 0 | S168: =IF(R168>=Assumptions!$B$20,"High",IF(R168>=Assumptions!$B$21,"Medium",IF(R168>=1,"Low","Clear"))) -> Clear | T168: =IF(R168=0,"",IF(L168=1,"Duplicate invoice; ","")&IF(M168=1,"Near-duplicate; ","")&IF(N168=1,"Just below limit; ","")&IF(O168=1,"Round amount; ","")&IF(P168=1,"No PO/GRN; ","")&IF(Q168=1,"Weekend payment; ",""))
A169: TXN-0168 | B169: V006 | C169: Vertex Stationery Pvt Ltd | D169: INV-006-29356 | E169: 45805 | F169: 45826 | G169: 5359.75 | H169: PO481396 | J169: AP-Mgr-03 | K169: =VALUE(LEFT(TEXT(G169,"0"),1)) -> 5 | L169: =IF(COUNTIFS($B$2:$B$1534,B169,$D$2:$D$1534,D169)>1,1,0) -> 0 | M169: =IF(AND(L169=0,COUNTIFS($B$2:$B$1534,B169,$G$2:$G$1534,G169,$E$2:$E$1534,">="&(E169-Assumptions!$B$5),$E$2:$E$1534,"<="&(E169+Assumptions!$B$5))>1),1,0) -> 0 | N169: =IF(AND(G169>=Assumptions!$B$4*(1-Assumptions!$B$6),G169<Assumptions!$B$4),1,0) -> 0 | O169: =IF(AND(G169>=Assumptions!$B$7,MOD(G169,Assumptions!$B$7)=0),1,0) -> 0 | P169: =IF(OR(H169="",I169=""),1,0) -> 1 | Q169: =IF(WEEKDAY(F169,2)>5,1,0) -> 0 | R169: =L169*Assumptions!$B$11+M169*Assumptions!$B$12+N169*Assumptions!$B$13+O169*Assumptions!$B$14+P169*Assumptions!$B$15+Q169*Assumptions!$B$16 -> 4 | S169: =IF(R169>=Assumptions!$B$20,"High",IF(R169>=Assumptions!$B$21,"Medium",IF(R169>=1,"Low","Clear"))) -> Medium | T169: =IF(R169=0,"",IF(L169=1,"Duplicate invoice; ","")&IF(M169=1,"Near-duplicate; ","")&IF(N169=1,"Just below limit; ","")&IF(O169=1,"Round amount; ","")&IF(P169=1,"No PO/GRN; ","")&IF(Q169=1,"Weekend payment; ","")) -> No PO/GRN;
A170: TXN-0169 | B170: V011 | C170: Horizon Travel Desk Pvt Ltd | D170: INV-011-34696 | E170: 45800 | F170: 45826 | G170: 2908.47 | H170: PO428981 | I170: GR428981 | J170: AP-Mgr-05 | K170: =VALUE(LEFT(TEXT(G170,"0"),1)) -> 2 | L170: =IF(COUNTIFS($B$2:$B$1534,B170,$D$2:$D$1534,D170)>1,1,0) -> 0 | M170: =IF(AND(L170=0,COUNTIFS($B$2:$B$1534,B170,$G$2:$G$1534,G170,$E$2:$E$1534,">="&(E170-Assumptions!$B$5),$E$2:$E$1534,"<="&(E170+Assumptions!$B$5))>1),1,0) -> 0 | N170: =IF(AND(G170>=Assumptions!$B$4*(1-Assumptions!$B$6),G170<Assumptions!$B$4),1,0) -> 0 | O170: =IF(AND(G170>=Assumptions!$B$7,MOD(G170,Assumptions!$B$7)=0),1,0) -> 0 | P170: =IF(OR(H170="",I170=""),1,0) -> 0 | Q170: =IF(WEEKDAY(F170,2)>5,1,0) -> 0 | R170: =L170*Assumptions!$B$11+M170*Assumptions!$B$12+N170*Assumptions!$B$13+O170*Assumptions!$B$14+P170*Assumptions!$B$15+Q170*Assumptions!$B$16 -> 0 | S170: =IF(R170>=Assumptions!$B$20,"High",IF(R170>=Assumptions!$B$21,"Medium",IF(R170>=1,"Low","Clear"))) -> Clear | T170: =IF(R170=0,"",IF(L170=1,"Duplicate invoice; ","")&IF(M170=1,"Near-duplicate; ","")&IF(N170=1,"Just below limit; ","")&IF(O170=1,"Round amount; ","")&IF(P170=1,"No PO/GRN; ","")&IF(Q170=1,"Weekend payment; ",""))
A171: TXN-0170 | B171: V018 | C171: Ironwood Hardware Pvt Ltd | D171: INV-018-24920 | E171: 45795 | F171: 45826 | G171: 278543.4 | H171: PO423969 | I171: GR423969 | J171: AP-Mgr-04 | K171: =VALUE(LEFT(TEXT(G171,"0"),1)) -> 2 | L171: =IF(COUNTIFS($B$2:$B$1534,B171,$D$2:$D$1534,D171)>1,1,0) -> 0 | M171: =IF(AND(L171=0,COUNTIFS($B$2:$B$1534,B171,$G$2:$G$1534,G171,$E$2:$E$1534,">="&(E171-Assumptions!$B$5),$E$2:$E$1534,"<="&(E171+Assumptions!$B$5))>1),1,0) -> 0 | N171: =IF(AND(G171>=Assumptions!$B$4*(1-Assumptions!$B$6),G171<Assumptions!$B$4),1,0) -> 0 | O171: =IF(AND(G171>=Assumptions!$B$7,MOD(G171,Assumptions!$B$7)=0),1,0) -> 0 | P171: =IF(OR(H171="",I171=""),1,0) -> 0 | Q171: =IF(WEEKDAY(F171,2)>5,1,0) -> 0 | R171: =L171*Assumptions!$B$11+M171*Assumptions!$B$12+N171*Assumptions!$B$13+O171*Assumptions!$B$14+P171*Assumptions!$B$15+Q171*Assumptions!$B$16 -> 0 | S171: =IF(R171>=Assumptions!$B$20,"High",IF(R171>=Assumptions!$B$21,"Medium",IF(R171>=1,"Low","Clear"))) -> Clear | T171: =IF(R171=0,"",IF(L171=1,"Duplicate invoice; ","")&IF(M171=1,"Near-duplicate; ","")&IF(N171=1,"Just below limit; ","")&IF(O171=1,"Round amount; ","")&IF(P171=1,"No PO/GRN; ","")&IF(Q171=1,"Weekend payment; ",""))
A172: TXN-0171 | B172: V024 | C172: Keystone Logistics Pvt Ltd | D172: INV-024-67104 | E172: 45793 | F172: 45826 | G172: 341549.05 | H172: PO431891 | I172: GR431891 | J172: AP-Mgr-05 | K172: =VALUE(LEFT(TEXT(G172,"0"),1)) -> 3 | L172: =IF(COUNTIFS($B$2:$B$1534,B172,$D$2:$D$1534,D172)>1,1,0) -> 0 | M172: =IF(AND(L172=0,COUNTIFS($B$2:$B$1534,B172,$G$2:$G$1534,G172,$E$2:$E$1534,">="&(E172-Assumptions!$B$5),$E$2:$E$1534,"<="&(E172+Assumptions!$B$5))>1),1,0) -> 0 | N172: =IF(AND(G172>=Assumptions!$B$4*(1-Assumptions!$B$6),G172<Assumptions!$B$4),1,0) -> 0 | O172: =IF(AND(G172>=Assumptions!$B$7,MOD(G172,Assumptions!$B$7)=0),1,0) -> 0 | P172: =IF(OR(H172="",I172=""),1,0) -> 0 | Q172: =IF(WEEKDAY(F172,2)>5,1,0) -> 0 | R172: =L172*Assumptions!$B$11+M172*Assumptions!$B$12+N172*Assumptions!$B$13+O172*Assumptions!$B$14+P172*Assumptions!$B$15+Q172*Assumptions!$B$16 -> 0 | S172: =IF(R172>=Assumptions!$B$20,"High",IF(R172>=Assumptions!$B$21,"Medium",IF(R172>=1,"Low","Clear"))) -> Clear | T172: =IF(R172=0,"",IF(L172=1,"Duplicate invoice; ","")&IF(M172=1,"Near-duplicate; ","")&IF(N172=1,"Just below limit; ","")&IF(O172=1,"Round amount; ","")&IF(P172=1,"No PO/GRN; ","")&IF(Q172=1,"Weekend payment; ",""))
A173: TXN-0172 | B173: V029 | C173: Orbit Travel Desk Pvt Ltd | D173: INV-029-62802 | E173: 45786 | F173: 45826 | G173: 241989.15 | H173: PO412202 | I173: GR412202 | J173: AP-Mgr-05 | K173: =VALUE(LEFT(TEXT(G173,"0"),1)) -> 2 | L173: =IF(COUNTIFS($B$2:$B$1534,B173,$D$2:$D$1534,D173)>1,1,0) -> 1 | M173: =IF(AND(L173=0,COUNTIFS($B$2:$B$1534,B173,$G$2:$G$1534,G173,$E$2:$E$1534,">="&(E173-Assumptions!$B$5),$E$2:$E$1534,"<="&(E173+Assumptions!$B$5))>1),1,0) -> 0 | N173: =IF(AND(G173>=Assumptions!$B$4*(1-Assumptions!$B$6),G173<Assumptions!$B$4),1,0) -> 0 | O173: =IF(AND(G173>=Assumptions!$B$7,MOD(G173,Assumptions!$B$7)=0),1,0) -> 0 | P173: =IF(OR(H173="",I173=""),1,0) -> 0 | Q173: =IF(WEEKDAY(F173,2)>5,1,0) -> 0 | R173: =L173*Assumptions!$B$11+M173*Assumptions!$B$12+N173*Assumptions!$B$13+O173*Assumptions!$B$14+P173*Assumptions!$B$15+Q173*Assumptions!$B$16 -> 5 | S173: =IF(R173>=Assumptions!$B$20,"High",IF(R173>=Assumptions!$B$21,"Medium",IF(R173>=1,"Low","Clear"))) -> High | T173: =IF(R173=0,"",IF(L173=1,"Duplicate invoice; ","")&IF(M173=1,"Near-duplicate; ","")&IF(N173=1,"Just below limit; ","")&IF(O173=1,"Round amount; ","")&IF(P173=1,"No PO/GRN; ","")&IF(Q173=1,"Weekend payment; ","")) -> Duplicate invoice;
A174: TXN-0173 | B174: V033 | C174: Unity Catering Pvt Ltd | D174: INV-033-51744 | E174: 45800 | F174: 45826 | G174: 42421.51 | H174: PO472006 | I174: GR472006 | J174: AP-Mgr-03 | K174: =VALUE(LEFT(TEXT(G174,"0"),1)) -> 4 | L174: =IF(COUNTIFS($B$2:$B$1534,B174,$D$2:$D$1534,D174)>1,1,0) -> 0 | M174: =IF(AND(L174=0,COUNTIFS($B$2:$B$1534,B174,$G$2:$G$1534,G174,$E$2:$E$1534,">="&(E174-Assumptions!$B$5),$E$2:$E$1534,"<="&(E174+Assumptions!$B$5))>1),1,0) -> 0 | N174: =IF(AND(G174>=Assumptions!$B$4*(1-Assumptions!$B$6),G174<Assumptions!$B$4),1,0) -> 0 | O174: =IF(AND(G174>=Assumptions!$B$7,MOD(G174,Assumptions!$B$7)=0),1,0) -> 0 | P174: =IF(OR(H174="",I174=""),1,0) -> 0 | Q174: =IF(WEEKDAY(F174,2)>5,1,0) -> 0 | R174: =L174*Assumptions!$B$11+M174*Assumptions!$B$12+N174*Assumptions!$B$13+O174*Assumptions!$B$14+P174*Assumptions!$B$15+Q174*Assumptions!$B$16 -> 0 | S174: =IF(R174>=Assumptions!$B$20,"High",IF(R174>=Assumptions!$B$21,"Medium",IF(R174>=1,"Low","Clear"))) -> Clear | T174: =IF(R174=0,"",IF(L174=1,"Duplicate invoice; ","")&IF(M174=1,"Near-duplicate; ","")&IF(N174=1,"Just below limit; ","")&IF(O174=1,"Round amount; ","")&IF(P174=1,"No PO/GRN; ","")&IF(Q174=1,"Weekend payment; ",""))
A175: TXN-0174 | B175: V037 | C175: Jaywalk Logistics Pvt Ltd | D175: INV-037-36497 | E175: 45805 | F175: 45826 | G175: 306423.57 | H175: PO466255 | I175: GR466255 | J175: AP-Mgr-05 | K175: =VALUE(LEFT(TEXT(G175,"0"),1)) -> 3 | L175: =IF(COUNTIFS($B$2:$B$1534,B175,$D$2:$D$1534,D175)>1,1,0) -> 0 | M175: =IF(AND(L175=0,COUNTIFS($B$2:$B$1534,B175,$G$2:$G$1534,G175,$E$2:$E$1534,">="&(E175-Assumptions!$B$5),$E$2:$E$1534,"<="&(E175+Assumptions!$B$5))>1),1,0) -> 0 | N175: =IF(AND(G175>=Assumptions!$B$4*(1-Assumptions!$B$6),G175<Assumptions!$B$4),1,0) -> 0 | O175: =IF(AND(G175>=Assumptions!$B$7,MOD(G175,Assumptions!$B$7)=0),1,0) -> 0 | P175: =IF(OR(H175="",I175=""),1,0) -> 0 | Q175: =IF(WEEKDAY(F175,2)>5,1,0) -> 0 | R175: =L175*Assumptions!$B$11+M175*Assumptions!$B$12+N175*Assumptions!$B$13+O175*Assumptions!$B$14+P175*Assumptions!$B$15+Q175*Assumptions!$B$16 -> 0 | S175: =IF(R175>=Assumptions!$B$20,"High",IF(R175>=Assumptions!$B$21,"Medium",IF(R175>=1,"Low","Clear"))) -> Clear | T175: =IF(R175=0,"",IF(L175=1,"Duplicate invoice; ","")&IF(M175=1,"Near-duplicate; ","")&IF(N175=1,"Just below limit; ","")&IF(O175=1,"Round amount; ","")&IF(P175=1,"No PO/GRN; ","")&IF(Q175=1,"Weekend payment; ",""))
A176: TXN-0175 | B176: V015 | C176: Westgate Travel Desk Pvt Ltd | D176: INV-015-44053 | E176: 45793 | F176: 45827 | G176: 8386.96 | H176: PO454028 | I176: GR454028 | J176: AP-Mgr-02 | K176: =VALUE(LEFT(TEXT(G176,"0"),1)) -> 8 | L176: =IF(COUNTIFS($B$2:$B$1534,B176,$D$2:$D$1534,D176)>1,1,0) -> 0 | M176: =IF(AND(L176=0,COUNTIFS($B$2:$B$1534,B176,$G$2:$G$1534,G176,$E$2:$E$1534,">="&(E176-Assumptions!$B$5),$E$2:$E$1534,"<="&(E176+Assumptions!$B$5))>1),1,0) -> 0 | N176: =IF(AND(G176>=Assumptions!$B$4*(1-Assumptions!$B$6),G176<Assumptions!$B$4),1,0) -> 0 | O176: =IF(AND(G176>=Assumptions!$B$7,MOD(G176,Assumptions!$B$7)=0),1,0) -> 0 | P176: =IF(OR(H176="",I176=""),1,0) -> 0 | Q176: =IF(WEEKDAY(F176,2)>5,1,0) -> 0 | R176: =L176*Assumptions!$B$11+M176*Assumptions!$B$12+N176*Assumptions!$B$13+O176*Assumptions!$B$14+P176*Assumptions!$B$15+Q176*Assumptions!$B$16 -> 0 | S176: =IF(R176>=Assumptions!$B$20,"High",IF(R176>=Assumptions!$B$21,"Medium",IF(R176>=1,"Low","Clear"))) -> Clear | T176: =IF(R176=0,"",IF(L176=1,"Duplicate invoice; ","")&IF(M176=1,"Near-duplicate; ","")&IF(N176=1,"Just below limit; ","")&IF(O176=1,"Round amount; ","")&IF(P176=1,"No PO/GRN; ","")&IF(Q176=1,"Weekend payment; ",""))
A177: TXN-0176 | B177: V021 | C177: Northstar Consulting Pvt Ltd | D177: INV-021-15737 | E177: 45804 | F177: 45827 | G177: 37119.46 | H177: PO408739 | I177: GR408739 | J177: AP-Mgr-02 | K177: =VALUE(LEFT(TEXT(G177,"0"),1)) -> 3 | L177: =IF(COUNTIFS($B$2:$B$1534,B177,$D$2:$D$1534,D177)>1,1,0) -> 0 | M177: =IF(AND(L177=0,COUNTIFS($B$2:$B$1534,B177,$G$2:$G$1534,G177,$E$2:$E$1534,">="&(E177-Assumptions!$B$5),$E$2:$E$1534,"<="&(E177+Assumptions!$B$5))>1),1,0) -> 0 | N177: =IF(AND(G177>=Assumptions!$B$4*(1-Assumptions!$B$6),G177<Assumptions!$B$4),1,0) -> 0 | O177: =IF(AND(G177>=Assumptions!$B$7,MOD(G177,Assumptions!$B$7)=0),1,0) -> 0 | P177: =IF(OR(H177="",I177=""),1,0) -> 0 | Q177: =IF(WEEKDAY(F177,2)>5,1,0) -> 0 | R177: =L177*Assumptions!$B$11+M177*Assumptions!$B$12+N177*Assumptions!$B$13+O177*Assumptions!$B$14+P177*Assumptions!$B$15+Q177*Assumptions!$B$16 -> 0 | S177: =IF(R177>=Assumptions!$B$20,"High",IF(R177>=Assumptions!$B$21,"Medium",IF(R177>=1,"Low","Clear"))) -> Clear | T177: =IF(R177=0,"",IF(L177=1,"Duplicate invoice; ","")&IF(M177=1,"Near-duplicate; ","")&IF(N177=1,"Just below limit; ","")&IF(O177=1,"Round amount; ","")&IF(P177=1,"No PO/GRN; ","")&IF(Q177=1,"Weekend payment; ",""))
A178: TXN-0177 | B178: V030 | C178: Delta Print Media Pvt Ltd | D178: INV-030-23352 | E178: 45804 | F178: 45827 | G178: 221287.65 | H178: PO479908 | I178: GR479908 | J178: AP-Mgr-05 | K178: =VALUE(LEFT(TEXT(G178,"0"),1)) -> 2 | L178: =IF(COUNTIFS($B$2:$B$1534,B178,$D$2:$D$1534,D178)>1,1,0) -> 0 | M178: =IF(AND(L178=0,COUNTIFS($B$2:$B$1534,B178,$G$2:$G$1534,G178,$E$2:$E$1534,">="&(E178-Assumptions!$B$5),$E$2:$E$1534,"<="&(E178+Assumptions!$B$5))>1),1,0) -> 0 | N178: =IF(AND(G178>=Assumptions!$B$4*(1-Assumptions!$B$6),G178<Assumptions!$B$4),1,0) -> 0 | O178: =IF(AND(G178>=Assumptions!$B$7,MOD(G178,Assumptions!$B$7)=0),1,0) -> 0 | P178: =IF(OR(H178="",I178=""),1,0) -> 0 | Q178: =IF(WEEKDAY(F178,2)>5,1,0) -> 0 | R178: =L178*Assumptions!$B$11+M178*Assumptions!$B$12+N178*Assumptions!$B$13+O178*Assumptions!$B$14+P178*Assumptions!$B$15+Q178*Assumptions!$B$16 -> 0 | S178: =IF(R178>=Assumptions!$B$20,"High",IF(R178>=Assumptions!$B$21,"Medium",IF(R178>=1,"Low","Clear"))) -> Clear | T178: =IF(R178=0,"",IF(L178=1,"Duplicate invoice; ","")&IF(M178=1,"Near-duplicate; ","")&IF(N178=1,"Just below limit; ","")&IF(O178=1,"Round amount; ","")&IF(P178=1,"No PO/GRN; ","")&IF(Q178=1,"Weekend payment; ",""))
A179: TXN-0178 | B179: V034 | C179: Greenfield Stationery Pvt Ltd | D179: INV-034-87894 | E179: 45807 | F179: 45827 | G179: 8569.27 | H179: PO405771 | I179: GR405771 | J179: AP-Mgr-01 | K179: =VALUE(LEFT(TEXT(G179,"0"),1)) -> 8 | L179: =IF(COUNTIFS($B$2:$B$1534,B179,$D$2:$D$1534,D179)>1,1,0) -> 0 | M179: =IF(AND(L179=0,COUNTIFS($B$2:$B$1534,B179,$G$2:$G$1534,G179,$E$2:$E$1534,">="&(E179-Assumptions!$B$5),$E$2:$E$1534,"<="&(E179+Assumptions!$B$5))>1),1,0) -> 0 | N179: =IF(AND(G179>=Assumptions!$B$4*(1-Assumptions!$B$6),G179<Assumptions!$B$4),1,0) -> 0 | O179: =IF(AND(G179>=Assumptions!$B$7,MOD(G179,Assumptions!$B$7)=0),1,0) -> 0 | P179: =IF(OR(H179="",I179=""),1,0) -> 0 | Q179: =IF(WEEKDAY(F179,2)>5,1,0) -> 0 | R179: =L179*Assumptions!$B$11+M179*Assumptions!$B$12+N179*Assumptions!$B$13+O179*Assumptions!$B$14+P179*Assumptions!$B$15+Q179*Assumptions!$B$16 -> 0 | S179: =IF(R179>=Assumptions!$B$20,"High",IF(R179>=Assumptions!$B$21,"Medium",IF(R179>=1,"Low","Clear"))) -> Clear | T179: =IF(R179=0,"",IF(L179=1,"Duplicate invoice; ","")&IF(M179=1,"Near-duplicate; ","")&IF(N179=1,"Just below limit; ","")&IF(O179=1,"Round amount; ","")&IF(P179=1,"No PO/GRN; ","")&IF(Q179=1,"Weekend payment; ",""))
A180: TXN-0179 | B180: V006 | C180: Vertex Stationery Pvt Ltd | D180: INV-006-58843 | E180: 45795 | F180: 45828 | G180: 1948.47 | H180: PO496835 | I180: GR496835 | J180: AP-Mgr-02 | K180: =VALUE(LEFT(TEXT(G180,"0"),1)) -> 1 | L180: =IF(COUNTIFS($B$2:$B$1534,B180,$D$2:$D$1534,D180)>1,1,0) -> 0 | M180: =IF(AND(L180=0,COUNTIFS($B$2:$B$1534,B180,$G$2:$G$1534,G180,$E$2:$E$1534,">="&(E180-Assumptions!$B$5),$E$2:$E$1534,"<="&(E180+Assumptions!$B$5))>1),1,0) -> 0 | N180: =IF(AND(G180>=Assumptions!$B$4*(1-Assumptions!$B$6),G180<Assumptions!$B$4),1,0) -> 0 | O180: =IF(AND(G180>=Assumptions!$B$7,MOD(G180,Assumptions!$B$7)=0),1,0) -> 0 | P180: =IF(OR(H180="",I180=""),1,0) -> 0 | Q180: =IF(WEEKDAY(F180,2)>5,1,0) -> 0 | R180: =L180*Assumptions!$B$11+M180*Assumptions!$B$12+N180*Assumptions!$B$13+O180*Assumptions!$B$14+P180*Assumptions!$B$15+Q180*Assumptions!$B$16 -> 0 | S180: =IF(R180>=Assumptions!$B$20,"High",IF(R180>=Assumptions!$B$21,"Medium",IF(R180>=1,"Low","Clear"))) -> Clear | T180: =IF(R180=0,"",IF(L180=1,"Duplicate invoice; ","")&IF(M180=1,"Near-duplicate; ","")&IF(N180=1,"Just below limit; ","")&IF(O180=1,"Round amount; ","")&IF(P180=1,"No PO/GRN; ","")&IF(Q180=1,"Weekend payment; ",""))
A181: TXN-0180 | B181: V016 | C181: Northstar Facility Care Pvt Ltd | D181: INV-016-51652 | E181: 45799 | F181: 45828 | G181: 72201.68 | H181: PO425362 | I181: GR425362 | J181: AP-Mgr-04 | K181: =VALUE(LEFT(TEXT(G181,"0"),1)) -> 7 | L181: =IF(COUNTIFS($B$2:$B$1534,B181,$D$2:$D$1534,D181)>1,1,0) -> 0 | M181: =IF(AND(L181=0,COUNTIFS($B$2:$B$1534,B181,$G$2:$G$1534,G181,$E$2:$E$1534,">="&(E181-Assumptions!$B$5),$E$2:$E$1534,"<="&(E181+Assumptions!$B$5))>1),1,0) -> 0 | N181: =IF(AND(G181>=Assumptions!$B$4*(1-Assumptions!$B$6),G181<Assumptions!$B$4),1,0) -> 0 | O181: =IF(AND(G181>=Assumptions!$B$7,MOD(G181,Assumptions!$B$7)=0),1,0) -> 0 | P181: =IF(OR(H181="",I181=""),1,0) -> 0 | Q181: =IF(WEEKDAY(F181,2)>5,1,0) -> 0 | R181: =L181*Assumptions!$B$11+M181*Assumptions!$B$12+N181*Assumptions!$B$13+O181*Assumptions!$B$14+P181*Assumptions!$B$15+Q181*Assumptions!$B$16 -> 0 | S181: =IF(R181>=Assumptions!$B$20,"High",IF(R181>=Assumptions!$B$21,"Medium",IF(R181>=1,"Low","Clear"))) -> Clear | T181: =IF(R181=0,"",IF(L181=1,"Duplicate invoice; ","")&IF(M181=1,"Near-duplicate; ","")&IF(N181=1,"Just below limit; ","")&IF(O181=1,"Round amount; ","")&IF(P181=1,"No PO/GRN; ","")&IF(Q181=1,"Weekend payment; ",""))
... A243: TXN-0242 | B243: V010 | C243: Crestline Facility Care Pvt Ltd | D243: INV-010-33678 | E243: 45811 | F243: 45842 | G243: 1908.68 | H243: PO437239 | I243: GR437239 | J243: AP-Mgr-02 | K243: =VALUE(LEFT(TEXT(G243,"0"),1)) -> 1 | L243: =IF(COUNTIFS($B$2:$B$1534,B243,$D$2:$D$1534,D243)>1,1,0) -> 0 | M243: =IF(AND(L243=0,COUNTIFS($B$2:$B$1534,B243,$G$2:$G$1534,G243,$E$2:$E$1534,">="&(E243-Assumptions!$B$5),$E$2:$E$1534,"<="&(E243+Assumptions!$B$5))>1),1,0) -> 0 | N243: =IF(AND(G243>=Assumptions!$B$4*(1-Assumptions!$B$6),G243<Assumptions!$B$4),1,0) -> 0 | O243: =IF(AND(G243>=Assumptions!$B$7,MOD(G243,Assumptions!$B$7)=0),1,0) -> 0 | P243: =IF(OR(H243="",I243=""),1,0) -> 0 | Q243: =IF(WEEKDAY(F243,2)>5,1,0) -> 0 | R243: =L243*Assumptions!$B$11+M243*Assumptions!$B$12+N243*Assumptions!$B$13+O243*Assumptions!$B$14+P243*Assumptions!$B$15+Q243*Assumptions!$B$16 -> 0 | S243: =IF(R243>=Assumptions!$B$20,"High",IF(R243>=Assumptions!$B$21,"Medium",IF(R243>=1,"Low","Clear"))) -> Clear | T243: =IF(R243=0,"",IF(L243=1,"Duplicate invoice; ","")&IF(M243=1,"Near-duplicate; ","")&IF(N243=1,"Just below limit; ","")&IF(O243=1,"Round amount; ","")&IF(P243=1,"No PO/GRN; ","")&IF(Q243=1,"Weekend payment; ",""))
A244: TXN-0243 | B244: V018 | C244: Ironwood Hardware Pvt Ltd | D244: INV-018-67637 | E244: 45811 | F244: 45842 | G244: 20457.57 | H244: PO452431 | J244: AP-Mgr-04 | K244: =VALUE(LEFT(TEXT(G244,"0"),1)) -> 2 | L244: =IF(COUNTIFS($B$2:$B$1534,B244,$D$2:$D$1534,D244)>1,1,0) -> 0 | M244: =IF(AND(L244=0,COUNTIFS($B$2:$B$1534,B244,$G$2:$G$1534,G244,$E$2:$E$1534,">="&(E244-Assumptions!$B$5),$E$2:$E$1534,"<="&(E244+Assumptions!$B$5))>1),1,0) -> 0 | N244: =IF(AND(G244>=Assumptions!$B$4*(1-Assumptions!$B$6),G244<Assumptions!$B$4),1,0) -> 0 | O244: =IF(AND(G244>=Assumptions!$B$7,MOD(G244,Assumptions!$B$7)=0),1,0) -> 0 | P244: =IF(OR(H244="",I244=""),1,0) -> 1 | Q244: =IF(WEEKDAY(F244,2)>5,1,0) -> 0 | R244: =L244*Assumptions!$B$11+M244*Assumptions!$B$12+N244*Assumptions!$B$13+O244*Assumptions!$B$14+P244*Assumptions!$B$15+Q244*Assumptions!$B$16 -> 4 | S244: =IF(R244>=Assumptions!$B$20,"High",IF(R244>=Assumptions!$B$21,"Medium",IF(R244>=1,"Low","Clear"))) -> Medium | T244: =IF(R244=0,"",IF(L244=1,"Duplicate invoice; ","")&IF(M244=1,"Near-duplicate; ","")&IF(N244=1,"Just below limit; ","")&IF(O244=1,"Round amount; ","")&IF(P244=1,"No PO/GRN; ","")&IF(Q244=1,"Weekend payment; ","")) -> No PO/GRN;
A245: TXN-0244 | B245: V021 | C245: Northstar Consulting Pvt Ltd | D245: INV-021-63903 | E245: 45822 | F245: 45842 | G245: 197835.87 | H245: PO454269 | I245: GR454269 | J245: AP-Mgr-03 | K245: =VALUE(LEFT(TEXT(G245,"0"),1)) -> 1 | L245: =IF(COUNTIFS($B$2:$B$1534,B245,$D$2:$D$1534,D245)>1,1,0) -> 0 | M245: =IF(AND(L245=0,COUNTIFS($B$2:$B$1534,B245,$G$2:$G$1534,G245,$E$2:$E$1534,">="&(E245-Assumptions!$B$5),$E$2:$E$1534,"<="&(E245+Assumptions!$B$5))>1),1,0) -> 0 | N245: =IF(AND(G245>=Assumptions!$B$4*(1-Assumptions!$B$6),G245<Assumptions!$B$4),1,0) -> 0 | O245: =IF(AND(G245>=Assumptions!$B$7,MOD(G245,Assumptions!$B$7)=0),1,0) -> 0 | P245: =IF(OR(H245="",I245=""),1,0) -> 0 | Q245: =IF(WEEKDAY(F245,2)>5,1,0) -> 0 | R245: =L245*Assumptions!$B$11+M245*Assumptions!$B$12+N245*Assumptions!$B$13+O245*Assumptions!$B$14+P245*Assumptions!$B$15+Q245*Assumptions!$B$16 -> 0 | S245: =IF(R245>=Assumptions!$B$20,"High",IF(R245>=Assumptions!$B$21,"Medium",IF(R245>=1,"Low","Clear"))) -> Clear | T245: =IF(R245=0,"",IF(L245=1,"Duplicate invoice; ","")&IF(M245=1,"Near-duplicate; ","")&IF(N245=1,"Just below limit; ","")&IF(O245=1,"Round amount; ","")&IF(P245=1,"No PO/GRN; ","")&IF(Q245=1,"Weekend payment; ",""))
A246: TXN-0245 | B246: V022 | C246: Ironwood IT Services Pvt Ltd | D246: INV-022-19283 | E246: 45809 | F246: 45842 | G246: 120807.25 | H246: PO462613 | I246: GR462613 | J246: AP-Mgr-02 | K246: =VALUE(LEFT(TEXT(G246,"0"),1)) -> 1 | L246: =IF(COUNTIFS($B$2:$B$1534,B246,$D$2:$D$1534,D246)>1,1,0) -> 0 | M246: =IF(AND(L246=0,COUNTIFS($B$2:$B$1534,B246,$G$2:$G$1534,G246,$E$2:$E$1534,">="&(E246-Assumptions!$B$5),$E$2:$E$1534,"<="&(E246+Assumptions!$B$5))>1),1,0) -> 0 | N246: =IF(AND(G246>=Assumptions!$B$4*(1-Assumptions!$B$6),G246<Assumptions!$B$4),1,0) -> 0 | O246: =IF(AND(G246>=Assumptions!$B$7,MOD(G246,Assumptions!$B$7)=0),1,0) -> 0 | P246: =IF(OR(H246="",I246=""),1,0) -> 0 | Q246: =IF(WEEKDAY(F246,2)>5,1,0) -> 0 | R246: =L246*Assumptions!$B$11+M246*Assumptions!$B$12+N246*Assumptions!$B$13+O246*Assumptions!$B$14+P246*Assumptions!$B$15+Q246*Assumptions!$B$16 -> 0 | S246: =IF(R246>=Assumptions!$B$20,"High",IF(R246>=Assumptions!$B$21,"Medium",IF(R246>=1,"Low","Clear"))) -> Clear | T246: =IF(R246=0,"",IF(L246=1,"Duplicate invoice; ","")&IF(M246=1,"Near-duplicate; ","")&IF(N246=1,"Just below limit; ","")&IF(O246=1,"Round amount; ","")&IF(P246=1,"No PO/GRN; ","")&IF(Q246=1,"Weekend payment; ",""))
A247: TXN-0246 | B247: V015 | C247: Westgate Travel Desk Pvt Ltd | D247: INV-015-76543 | E247: 45818 | F247: 45843 | G247: 1704.1 | H247: PO413256 | I247: GR413256 | J247: AP-Mgr-05 | K247: =VALUE(LEFT(TEXT(G247,"0"),1)) -> 1 | L247: =IF(COUNTIFS($B$2:$B$1534,B247,$D$2:$D$1534,D247)>1,1,0) -> 0 | M247: =IF(AND(L247=0,COUNTIFS($B$2:$B$1534,B247,$G$2:$G$1534,G247,$E$2:$E$1534,">="&(E247-Assumptions!$B$5),$E$2:$E$1534,"<="&(E247+Assumptions!$B$5))>1),1,0) -> 0 | N247: =IF(AND(G247>=Assumptions!$B$4*(1-Assumptions!$B$6),G247<Assumptions!$B$4),1,0) -> 0 | O247: =IF(AND(G247>=Assumptions!$B$7,MOD(G247,Assumptions!$B$7)=0),1,0) -> 0 | P247: =IF(OR(H247="",I247=""),1,0) -> 0 | Q247: =IF(WEEKDAY(F247,2)>5,1,0) -> 1 | R247: =L247*Assumptions!$B$11+M247*Assumptions!$B$12+N247*Assumptions!$B$13+O247*Assumptions!$B$14+P247*Assumptions!$B$15+Q247*Assumptions!$B$16 -> 1 | S247: =IF(R247>=Assumptions!$B$20,"High",IF(R247>=Assumptions!$B$21,"Medium",IF(R247>=1,"Low","Clear"))) -> Low | T247: =IF(R247=0,"",IF(L247=1,"Duplicate invoice; ","")&IF(M247=1,"Near-duplicate; ","")&IF(N247=1,"Just below limit; ","")&IF(O247=1,"Round amount; ","")&IF(P247=1,"No PO/GRN; ","")&IF(Q247=1,"Weekend payment; ","")) -> Weekend payment;
A248: TXN-0247 | B248: V001 | C248: Unity Logistics Pvt Ltd | D248: INV-001-29809 | E248: 45805 | F248: 45845 | G248: 3340.73 | H248: PO477564 | I248: GR477564 | J248: AP-Mgr-06 | K248: =VALUE(LEFT(TEXT(G248,"0"),1)) -> 3 | L248: =IF(COUNTIFS($B$2:$B$1534,B248,$D$2:$D$1534,D248)>1,1,0) -> 0 | M248: =IF(AND(L248=0,COUNTIFS($B$2:$B$1534,B248,$G$2:$G$1534,G248,$E$2:$E$1534,">="&(E248-Assumptions!$B$5),$E$2:$E$1534,"<="&(E248+Assumptions!$B$5))>1),1,0) -> 0 | N248: =IF(AND(G248>=Assumptions!$B$4*(1-Assumptions!$B$6),G248<Assumptions!$B$4),1,0) -> 0 | O248: =IF(AND(G248>=Assumptions!$B$7,MOD(G248,Assumptions!$B$7)=0),1,0) -> 0 | P248: =IF(OR(H248="",I248=""),1,0) -> 0 | Q248: =IF(WEEKDAY(F248,2)>5,1,0) -> 0 | R248: =L248*Assumptions!$B$11+M248*Assumptions!$B$12+N248*Assumptions!$B$13+O248*Assumptions!$B$14+P248*Assumptions!$B$15+Q248*Assumptions!$B$16 -> 0 | S248: =IF(R248>=Assumptions!$B$20,"High",IF(R248>=Assumptions!$B$21,"Medium",IF(R248>=1,"Low","Clear"))) -> Clear | T248: =IF(R248=0,"",IF(L248=1,"Duplicate invoice; ","")&IF(M248=1,"Near-duplicate; ","")&IF(N248=1,"Just below limit; ","")&IF(O248=1,"Round amount; ","")&IF(P248=1,"No PO/GRN; ","")&IF(Q248=1,"Weekend payment; ",""))
A249: TXN-0248 | B249: V001 | C249: Unity Logistics Pvt Ltd | D249: INV-001-68271 | E249: 45811 | F249: 45845 | G249: 12925.34 | H249: PO425295 | I249: GR425295 | J249: AP-Mgr-01 | K249: =VALUE(LEFT(TEXT(G249,"0"),1)) -> 1 | L249: =IF(COUNTIFS($B$2:$B$1534,B249,$D$2:$D$1534,D249)>1,1,0) -> 0 | M249: =IF(AND(L249=0,COUNTIFS($B$2:$B$1534,B249,$G$2:$G$1534,G249,$E$2:$E$1534,">="&(E249-Assumptions!$B$5),$E$2:$E$1534,"<="&(E249+Assumptions!$B$5))>1),1,0) -> 0 | N249: =IF(AND(G249>=Assumptions!$B$4*(1-Assumptions!$B$6),G249<Assumptions!$B$4),1,0) -> 0 | O249: =IF(AND(G249>=Assumptions!$B$7,MOD(G249,Assumptions!$B$7)=0),1,0) -> 0 | P249: =IF(OR(H249="",I249=""),1,0) -> 0 | Q249: =IF(WEEKDAY(F249,2)>5,1,0) -> 0 | R249: =L249*Assumptions!$B$11+M249*Assumptions!$B$12+N249*Assumptions!$B$13+O249*Assumptions!$B$14+P249*Assumptions!$B$15+Q249*Assumptions!$B$16 -> 0 | S249: =IF(R249>=Assumptions!$B$20,"High",IF(R249>=Assumptions!$B$21,"Medium",IF(R249>=1,"Low","Clear"))) -> Clear | T249: =IF(R249=0,"",IF(L249=1,"Duplicate invoice; ","")&IF(M249=1,"Near-duplicate; ","")&IF(N249=1,"Just below limit; ","")&IF(O249=1,"Round amount; ","")&IF(P249=1,"No PO/GRN; ","")&IF(Q249=1,"Weekend payment; ",""))
A250: TXN-0249 | B250: V003 | C250: Ironwood Facility Care Pvt Ltd | D250: INV-003-49117 | E250: 45822 | F250: 45845 | G250: 100228.13 | H250: PO479073 | I250: GR479073 | J250: AP-Mgr-03 | K250: =VALUE(LEFT(TEXT(G250,"0"),1)) -> 1 | L250: =IF(COUNTIFS($B$2:$B$1534,B250,$D$2:$D$1534,D250)>1,1,0) -> 0 | M250: =IF(AND(L250=0,COUNTIFS($B$2:$B$1534,B250,$G$2:$G$1534,G250,$E$2:$E$1534,">="&(E250-Assumptions!$B$5),$E$2:$E$1534,"<="&(E250+Assumptions!$B$5))>1),1,0) -> 0 | N250: =IF(AND(G250>=Assumptions!$B$4*(1-Assumptions!$B$6),G250<Assumptions!$B$4),1,0) -> 0 | O250: =IF(AND(G250>=Assumptions!$B$7,MOD(G250,Assumptions!$B$7)=0),1,0) -> 0 | P250: =IF(OR(H250="",I250=""),1,0) -> 0 | Q250: =IF(WEEKDAY(F250,2)>5,1,0) -> 0 | R250: =L250*Assumptions!$B$11+M250*Assumptions!$B$12+N250*Assumptions!$B$13+O250*Assumptions!$B$14+P250*Assumptions!$B$15+Q250*Assumptions!$B$16 -> 0 | S250: =IF(R250>=Assumptions!$B$20,"High",IF(R250>=Assumptions!$B$21,"Medium",IF(R250>=1,"Low","Clear"))) -> Clear | T250: =IF(R250=0,"",IF(L250=1,"Duplicate invoice; ","")&IF(M250=1,"Near-duplicate; ","")&IF(N250=1,"Just below limit; ","")&IF(O250=1,"Round amount; ","")&IF(P250=1,"No PO/GRN; ","")&IF(Q250=1,"Weekend payment; ",""))
A251: TXN-0250 | B251: V006 | C251: Vertex Stationery Pvt Ltd | D251: INV-006-65082 | E251: 45825 | F251: 45845 | G251: 110000 | H251: PO444815 | I251: GR444815 | J251: AP-Mgr-03 | K251: =VALUE(LEFT(TEXT(G251,"0"),1)) -> 1 | L251: =IF(COUNTIFS($B$2:$B$1534,B251,$D$2:$D$1534,D251)>1,1,0) -> 0 | M251: =IF(AND(L251=0,COUNTIFS($B$2:$B$1534,B251,$G$2:$G$1534,G251,$E$2:$E$1534,">="&(E251-Assumptions!$B$5),$E$2:$E$1534,"<="&(E251+Assumptions!$B$5))>1),1,0) -> 0 | N251: =IF(AND(G251>=Assumptions!$B$4*(1-Assumptions!$B$6),G251<Assumptions!$B$4),1,0) -> 0 | O251: =IF(AND(G251>=Assumptions!$B$7,MOD(G251,Assumptions!$B$7)=0),1,0) -> 1 | P251: =IF(OR(H251="",I251=""),1,0) -> 0 | Q251: =IF(WEEKDAY(F251,2)>5,1,0) -> 0 | R251: =L251*Assumptions!$B$11+M251*Assumptions!$B$12+N251*Assumptions!$B$13+O251*Assumptions!$B$14+P251*Assumptions!$B$15+Q251*Assumptions!$B$16 -> 1 | S251: =IF(R251>=Assumptions!$B$20,"High",IF(R251>=Assumptions!$B$21,"Medium",IF(R251>=1,"Low","Clear"))) -> Low | T251: =IF(R251=0,"",IF(L251=1,"Duplicate invoice; ","")&IF(M251=1,"Near-duplicate; ","")&IF(N251=1,"Just below limit; ","")&IF(O251=1,"Round amount; ","")&IF(P251=1,"No PO/GRN; ","")&IF(Q251=1,"Weekend payment; ","")) -> Round amount;
A252: TXN-0251 | B252: V010 | C252: Crestline Facility Care Pvt Ltd | D252: INV-010-37772 | E252: 45809 | F252: 45845 | G252: 3300.93 | H252: PO421910 | I252: GR421910 | J252: AP-Mgr-02 | K252: =VALUE(LEFT(TEXT(G252,"0"),1)) -> 3 | L252: =IF(COUNTIFS($B$2:$B$1534,B252,$D$2:$D$1534,D252)>1,1,0) -> 0 | M252: =IF(AND(L252=0,COUNTIFS($B$2:$B$1534,B252,$G$2:$G$1534,G252,$E$2:$E$1534,">="&(E252-Assumptions!$B$5),$E$2:$E$1534,"<="&(E252+Assumptions!$B$5))>1),1,0) -> 0 | N252: =IF(AND(G252>=Assumptions!$B$4*(1-Assumptions!$B$6),G252<Assumptions!$B$4),1,0) -> 0 | O252: =IF(AND(G252>=Assumptions!$B$7,MOD(G252,Assumptions!$B$7)=0),1,0) -> 0 | P252: =IF(OR(H252="",I252=""),1,0) -> 0 | Q252: =IF(WEEKDAY(F252,2)>5,1,0) -> 0 | R252: =L252*Assumptions!$B$11+M252*Assumptions!$B$12+N252*Assumptions!$B$13+O252*Assumptions!$B$14+P252*Assumptions!$B$15+Q252*Assumptions!$B$16 -> 0 | S252: =IF(R252>=Assumptions!$B$20,"High",IF(R252>=Assumptions!$B$21,"Medium",IF(R252>=1,"Low","Clear"))) -> Clear | T252: =IF(R252=0,"",IF(L252=1,"Duplicate invoice; ","")&IF(M252=1,"Near-duplicate; ","")&IF(N252=1,"Just below limit; ","")&IF(O252=1,"Round amount; ","")&IF(P252=1,"No PO/GRN; ","")&IF(Q252=1,"Weekend payment; ",""))
A253: TXN-0252 | B253: V010 | C253: Crestline Facility Care Pvt Ltd | D253: INV-010-16463 | E253: 45815 | F253: 45845 | G253: 1768.62 | H253: PO474899 | I253: GR474899 | J253: AP-Mgr-05 | K253: =VALUE(LEFT(TEXT(G253,"0"),1)) -> 1 | L253: =IF(COUNTIFS($B$2:$B$1534,B253,$D$2:$D$1534,D253)>1,1,0) -> 0 | M253: =IF(AND(L253=0,COUNTIFS($B$2:$B$1534,B253,$G$2:$G$1534,G253,$E$2:$E$1534,">="&(E253-Assumptions!$B$5),$E$2:$E$1534,"<="&(E253+Assumptions!$B$5))>1),1,0) -> 0 | N253: =IF(AND(G253>=Assumptions!$B$4*(1-Assumptions!$B$6),G253<Assumptions!$B$4),1,0) -> 0 | O253: =IF(AND(G253>=Assumptions!$B$7,MOD(G253,Assumptions!$B$7)=0),1,0) -> 0 | P253: =IF(OR(H253="",I253=""),1,0) -> 0 | Q253: =IF(WEEKDAY(F253,2)>5,1,0) -> 0 | R253: =L253*Assumptions!$B$11+M253*Assumptions!$B$12+N253*Assumptions!$B$13+O253*Assumptions!$B$14+P253*Assumptions!$B$15+Q253*Assumptions!$B$16 -> 0 | S253: =IF(R253>=Assumptions!$B$20,"High",IF(R253>=Assumptions!$B$21,"Medium",IF(R253>=1,"Low","Clear"))) -> Clear | T253: =IF(R253=0,"",IF(L253=1,"Duplicate invoice; ","")&IF(M253=1,"Near-duplicate; ","")&IF(N253=1,"Just below limit; ","")&IF(O253=1,"Round amount; ","")&IF(P253=1,"No PO/GRN; ","")&IF(Q253=1,"Weekend payment; ",""))
A254: TXN-0253 | B254: V015 | C254: Westgate Travel Desk Pvt Ltd | D254: INV-015-52056 | E254: 45816 | F254: 45845 | G254: 836870.53 | H254: PO458079 | I254: GR458079 | J254: AP-Mgr-03 | K254: =VALUE(LEFT(TEXT(G254,"0"),1)) -> 8 | L254: =IF(COUNTIFS($B$2:$B$1534,B254,$D$2:$D$1534,D254)>1,1,0) -> 0 | M254: =IF(AND(L254=0,COUNTIFS($B$2:$B$1534,B254,$G$2:$G$1534,G254,$E$2:$E$1534,">="&(E254-Assumptions!$B$5),$E$2:$E$1534,"<="&(E254+Assumptions!$B$5))>1),1,0) -> 0 | N254: =IF(AND(G254>=Assumptions!$B$4*(1-Assumptions!$B$6),G254<Assumptions!$B$4),1,0) -> 0 | O254: =IF(AND(G254>=Assumptions!$B$7,MOD(G254,Assumptions!$B$7)=0),1,0) -> 0 | P254: =IF(OR(H254="",I254=""),1,0) -> 0 | Q254: =IF(WEEKDAY(F254,2)>5,1,0) -> 0 | R254: =L254*Assumptions!$B$11+M254*Assumptions!$B$12+N254*Assumptions!$B$13+O254*Assumptions!$B$14+P254*Assumptions!$B$15+Q254*Assumptions!$B$16 -> 0 | S254: =IF(R254>=Assumptions!$B$20,"High",IF(R254>=Assumptions!$B$21,"Medium",IF(R254>=1,"Low","Clear"))) -> Clear | T254: =IF(R254=0,"",IF(L254=1,"Duplicate invoice; ","")&IF(M254=1,"Near-duplicate; ","")&IF(N254=1,"Just below limit; ","")&IF(O254=1,"Round amount; ","")&IF(P254=1,"No PO/GRN; ","")&IF(Q254=1,"Weekend payment; ",""))
A255: TXN-0254 | B255: V016 | C255: Northstar Facility Care Pvt Ltd | D255: INV-016-90658 | E255: 45820 | F255: 45845 | G255: 1418.46 | H255: PO450351 | I255: GR450351 | J255: AP-Mgr-04 | K255: =VALUE(LEFT(TEXT(G255,"0"),1)) -> 1 | L255: =IF(COUNTIFS($B$2:$B$1534,B255,$D$2:$D$1534,D255)>1,1,0) -> 0 | M255: =IF(AND(L255=0,COUNTIFS($B$2:$B$1534,B255,$G$2:$G$1534,G255,$E$2:$E$1534,">="&(E255-Assumptions!$B$5),$E$2:$E$1534,"<="&(E255+Assumptions!$B$5))>1),1,0) -> 0 | N255: =IF(AND(G255>=Assumptions!$B$4*(1-Assumptions!$B$6),G255<Assumptions!$B$4),1,0) -> 0 | O255: =IF(AND(G255>=Assumptions!$B$7,MOD(G255,Assumptions!$B$7)=0),1,0) -> 0 | P255: =IF(OR(H255="",I255=""),1,0) -> 0 | Q255: =IF(WEEKDAY(F255,2)>5,1,0) -> 0 | R255: =L255*Assumptions!$B$11+M255*Assumptions!$B$12+N255*Assumptions!$B$13+O255*Assumptions!$B$14+P255*Assumptions!$B$15+Q255*Assumptions!$B$16 -> 0 | S255: =IF(R255>=Assumptions!$B$20,"High",IF(R255>=Assumptions!$B$21,"Medium",IF(R255>=1,"Low","Clear"))) -> Clear | T255: =IF(R255=0,"",IF(L255=1,"Duplicate invoice; ","")&IF(M255=1,"Near-duplicate; ","")&IF(N255=1,"Just below limit; ","")&IF(O255=1,"Round amount; ","")&IF(P255=1,"No PO/GRN; ","")&IF(Q255=1,"Weekend payment; ",""))
A256: TXN-0255 | B256: V022 | C256: Ironwood IT Services Pvt Ltd | D256: INV-022-15191 | E256: 45816 | F256: 45845 | G256: 8966.36 | H256: PO499679 | I256: GR499679 | J256: AP-Mgr-05 | K256: =VALUE(LEFT(TEXT(G256,"0"),1)) -> 8 | L256: =IF(COUNTIFS($B$2:$B$1534,B256,$D$2:$D$1534,D256)>1,1,0) -> 0 | M256: =IF(AND(L256=0,COUNTIFS($B$2:$B$1534,B256,$G$2:$G$1534,G256,$E$2:$E$1534,">="&(E256-Assumptions!$B$5),$E$2:$E$1534,"<="&(E256+Assumptions!$B$5))>1),1,0) -> 0 | N256: =IF(AND(G256>=Assumptions!$B$4*(1-Assumptions!$B$6),G256<Assumptions!$B$4),1,0) -> 0 | O256: =IF(AND(G256>=Assumptions!$B$7,MOD(G256,Assumptions!$B$7)=0),1,0) -> 0 | P256: =IF(OR(H256="",I256=""),1,0) -> 0 | Q256: =IF(WEEKDAY(F256,2)>5,1,0) -> 0 | R256: =L256*Assumptions!$B$11+M256*Assumptions!$B$12+N256*Assumptions!$B$13+O256*Assumptions!$B$14+P256*Assumptions!$B$15+Q256*Assumptions!$B$16 -> 0 | S256: =IF(R256>=Assumptions!$B$20,"High",IF(R256>=Assumptions!$B$21,"Medium",IF(R256>=1,"Low","Clear"))) -> Clear | T256: =IF(R256=0,"",IF(L256=1,"Duplicate invoice; ","")&IF(M256=1,"Near-duplicate; ","")&IF(N256=1,"Just below limit; ","")&IF(O256=1,"Round amount; ","")&IF(P256=1,"No PO/GRN; ","")&IF(Q256=1,"Weekend payment; ",""))
... A294: TXN-0293 | B294: V034 | C294: Greenfield Stationery Pvt Ltd | D294: INV-034-96013 | E294: 45817 | F294: 45852 | G294: 970638.25 | H294: PO419025 | I294: GR419025 | J294: AP-Mgr-05 | K294: =VALUE(LEFT(TEXT(G294,"0"),1)) -> 9 | L294: =IF(COUNTIFS($B$2:$B$1534,B294,$D$2:$D$1534,D294)>1,1,0) -> 0 | M294: =IF(AND(L294=0,COUNTIFS($B$2:$B$1534,B294,$G$2:$G$1534,G294,$E$2:$E$1534,">="&(E294-Assumptions!$B$5),$E$2:$E$1534,"<="&(E294+Assumptions!$B$5))>1),1,0) -> 0 | N294: =IF(AND(G294>=Assumptions!$B$4*(1-Assumptions!$B$6),G294<Assumptions!$B$4),1,0) -> 0 | O294: =IF(AND(G294>=Assumptions!$B$7,MOD(G294,Assumptions!$B$7)=0),1,0) -> 0 | P294: =IF(OR(H294="",I294=""),1,0) -> 0 | Q294: =IF(WEEKDAY(F294,2)>5,1,0) -> 0 | R294: =L294*Assumptions!$B$11+M294*Assumptions!$B$12+N294*Assumptions!$B$13+O294*Assumptions!$B$14+P294*Assumptions!$B$15+Q294*Assumptions!$B$16 -> 0 | S294: =IF(R294>=Assumptions!$B$20,"High",IF(R294>=Assumptions!$B$21,"Medium",IF(R294>=1,"Low","Clear"))) -> Clear | T294: =IF(R294=0,"",IF(L294=1,"Duplicate invoice; ","")&IF(M294=1,"Near-duplicate; ","")&IF(N294=1,"Just below limit; ","")&IF(O294=1,"Round amount; ","")&IF(P294=1,"No PO/GRN; ","")&IF(Q294=1,"Weekend payment; ",""))
A295: TXN-0294 | B295: V036 | C295: Vertex Facility Care Pvt Ltd | D295: INV-036-48754 | E295: 45830 | F295: 45852 | G295: 39211.39 | J295: AP-Mgr-03 | K295: =VALUE(LEFT(TEXT(G295,"0"),1)) -> 3 | L295: =IF(COUNTIFS($B$2:$B$1534,B295,$D$2:$D$1534,D295)>1,1,0) -> 0 | M295: =IF(AND(L295=0,COUNTIFS($B$2:$B$1534,B295,$G$2:$G$1534,G295,$E$2:$E$1534,">="&(E295-Assumptions!$B$5),$E$2:$E$1534,"<="&(E295+Assumptions!$B$5))>1),1,0) -> 0 | N295: =IF(AND(G295>=Assumptions!$B$4*(1-Assumptions!$B$6),G295<Assumptions!$B$4),1,0) -> 0 | O295: =IF(AND(G295>=Assumptions!$B$7,MOD(G295,Assumptions!$B$7)=0),1,0) -> 0 | P295: =IF(OR(H295="",I295=""),1,0) -> 1 | Q295: =IF(WEEKDAY(F295,2)>5,1,0) -> 0 | R295: =L295*Assumptions!$B$11+M295*Assumptions!$B$12+N295*Assumptions!$B$13+O295*Assumptions!$B$14+P295*Assumptions!$B$15+Q295*Assumptions!$B$16 -> 4 | S295: =IF(R295>=Assumptions!$B$20,"High",IF(R295>=Assumptions!$B$21,"Medium",IF(R295>=1,"Low","Clear"))) -> Medium | T295: =IF(R295=0,"",IF(L295=1,"Duplicate invoice; ","")&IF(M295=1,"Near-duplicate; ","")&IF(N295=1,"Just below limit; ","")&IF(O295=1,"Round amount; ","")&IF(P295=1,"No PO/GRN; ","")&IF(Q295=1,"Weekend payment; ","")) -> No PO/GRN;
A296: TXN-0295 | B296: V038 | C296: Horizon Maintenance Pvt Ltd | D296: INV-038-31292 | E296: 45821 | F296: 45853 | G296: 611821.62 | H296: PO439226 | I296: GR439226 | J296: AP-Mgr-05 | K296: =VALUE(LEFT(TEXT(G296,"0"),1)) -> 6 | L296: =IF(COUNTIFS($B$2:$B$1534,B296,$D$2:$D$1534,D296)>1,1,0) -> 0 | M296: =IF(AND(L296=0,COUNTIFS($B$2:$B$1534,B296,$G$2:$G$1534,G296,$E$2:$E$1534,">="&(E296-Assumptions!$B$5),$E$2:$E$1534,"<="&(E296+Assumptions!$B$5))>1),1,0) -> 0 | N296: =IF(AND(G296>=Assumptions!$B$4*(1-Assumptions!$B$6),G296<Assumptions!$B$4),1,0) -> 0 | O296: =IF(AND(G296>=Assumptions!$B$7,MOD(G296,Assumptions!$B$7)=0),1,0) -> 0 | P296: =IF(OR(H296="",I296=""),1,0) -> 0 | Q296: =IF(WEEKDAY(F296,2)>5,1,0) -> 0 | R296: =L296*Assumptions!$B$11+M296*Assumptions!$B$12+N296*Assumptions!$B$13+O296*Assumptions!$B$14+P296*Assumptions!$B$15+Q296*Assumptions!$B$16 -> 0 | S296: =IF(R296>=Assumptions!$B$20,"High",IF(R296>=Assumptions!$B$21,"Medium",IF(R296>=1,"Low","Clear"))) -> Clear | T296: =IF(R296=0,"",IF(L296=1,"Duplicate invoice; ","")&IF(M296=1,"Near-duplicate; ","")&IF(N296=1,"Just below limit; ","")&IF(O296=1,"Round amount; ","")&IF(P296=1,"No PO/GRN; ","")&IF(Q296=1,"Weekend payment; ",""))
A297: TXN-0296 | B297: V001 | C297: Unity Logistics Pvt Ltd | D297: INV-001-64000 | E297: 45818 | F297: 45854 | G297: 6986.4 | H297: PO463556 | I297: GR463556 | J297: AP-Mgr-03 | K297: =VALUE(LEFT(TEXT(G297,"0"),1)) -> 6 | L297: =IF(COUNTIFS($B$2:$B$1534,B297,$D$2:$D$1534,D297)>1,1,0) -> 0 | M297: =IF(AND(L297=0,COUNTIFS($B$2:$B$1534,B297,$G$2:$G$1534,G297,$E$2:$E$1534,">="&(E297-Assumptions!$B$5),$E$2:$E$1534,"<="&(E297+Assumptions!$B$5))>1),1,0) -> 0 | N297: =IF(AND(G297>=Assumptions!$B$4*(1-Assumptions!$B$6),G297<Assumptions!$B$4),1,0) -> 0 | O297: =IF(AND(G297>=Assumptions!$B$7,MOD(G297,Assumptions!$B$7)=0),1,0) -> 0 | P297: =IF(OR(H297="",I297=""),1,0) -> 0 | Q297: =IF(WEEKDAY(F297,2)>5,1,0) -> 0 | R297: =L297*Assumptions!$B$11+M297*Assumptions!$B$12+N297*Assumptions!$B$13+O297*Assumptions!$B$14+P297*Assumptions!$B$15+Q297*Assumptions!$B$16 -> 0 | S297: =IF(R297>=Assumptions!$B$20,"High",IF(R297>=Assumptions!$B$21,"Medium",IF(R297>=1,"Low","Clear"))) -> Clear | T297: =IF(R297=0,"",IF(L297=1,"Duplicate invoice; ","")&IF(M297=1,"Near-duplicate; ","")&IF(N297=1,"Just below limit; ","")&IF(O297=1,"Round amount; ","")&IF(P297=1,"No PO/GRN; ","")&IF(Q297=1,"Weekend payment; ",""))
A298: TXN-0297 | B298: V022 | C298: Ironwood IT Services Pvt Ltd | D298: INV-022-75002 | E298: 45831 | F298: 45854 | G298: 23062.49 | H298: PO405530 | I298: GR405530 | J298: AP-Mgr-02 | K298: =VALUE(LEFT(TEXT(G298,"0"),1)) -> 2 | L298: =IF(COUNTIFS($B$2:$B$1534,B298,$D$2:$D$1534,D298)>1,1,0) -> 0 | M298: =IF(AND(L298=0,COUNTIFS($B$2:$B$1534,B298,$G$2:$G$1534,G298,$E$2:$E$1534,">="&(E298-Assumptions!$B$5),$E$2:$E$1534,"<="&(E298+Assumptions!$B$5))>1),1,0) -> 0 | N298: =IF(AND(G298>=Assumptions!$B$4*(1-Assumptions!$B$6),G298<Assumptions!$B$4),1,0) -> 0 | O298: =IF(AND(G298>=Assumptions!$B$7,MOD(G298,Assumptions!$B$7)=0),1,0) -> 0 | P298: =IF(OR(H298="",I298=""),1,0) -> 0 | Q298: =IF(WEEKDAY(F298,2)>5,1,0) -> 0 | R298: =L298*Assumptions!$B$11+M298*Assumptions!$B$12+N298*Assumptions!$B$13+O298*Assumptions!$B$14+P298*Assumptions!$B$15+Q298*Assumptions!$B$16 -> 0 | S298: =IF(R298>=Assumptions!$B$20,"High",IF(R298>=Assumptions!$B$21,"Medium",IF(R298>=1,"Low","Clear"))) -> Clear | T298: =IF(R298=0,"",IF(L298=1,"Duplicate invoice; ","")&IF(M298=1,"Near-duplicate; ","")&IF(N298=1,"Just below limit; ","")&IF(O298=1,"Round amount; ","")&IF(P298=1,"No PO/GRN; ","")&IF(Q298=1,"Weekend payment; ",""))
A299: TXN-0298 | B299: V029 | C299: Orbit Travel Desk Pvt Ltd | D299: INV-029-97097 | E299: 45824 | F299: 45854 | G299: 1853.3 | H299: PO481889 | I299: GR481889 | J299: AP-Mgr-05 | K299: =VALUE(LEFT(TEXT(G299,"0"),1)) -> 1 | L299: =IF(COUNTIFS($B$2:$B$1534,B299,$D$2:$D$1534,D299)>1,1,0) -> 0 | M299: =IF(AND(L299=0,COUNTIFS($B$2:$B$1534,B299,$G$2:$G$1534,G299,$E$2:$E$1534,">="&(E299-Assumptions!$B$5),$E$2:$E$1534,"<="&(E299+Assumptions!$B$5))>1),1,0) -> 0 | N299: =IF(AND(G299>=Assumptions!$B$4*(1-Assumptions!$B$6),G299<Assumptions!$B$4),1,0) -> 0 | O299: =IF(AND(G299>=Assumptions!$B$7,MOD(G299,Assumptions!$B$7)=0),1,0) -> 0 | P299: =IF(OR(H299="",I299=""),1,0) -> 0 | Q299: =IF(WEEKDAY(F299,2)>5,1,0) -> 0 | R299: =L299*Assumptions!$B$11+M299*Assumptions!$B$12+N299*Assumptions!$B$13+O299*Assumptions!$B$14+P299*Assumptions!$B$15+Q299*Assumptions!$B$16 -> 0 | S299: =IF(R299>=Assumptions!$B$20,"High",IF(R299>=Assumptions!$B$21,"Medium",IF(R299>=1,"Low","Clear"))) -> Clear | T299: =IF(R299=0,"",IF(L299=1,"Duplicate invoice; ","")&IF(M299=1,"Near-duplicate; ","")&IF(N299=1,"Just below limit; ","")&IF(O299=1,"Round amount; ","")&IF(P299=1,"No PO/GRN; ","")&IF(Q299=1,"Weekend payment; ",""))
A300: TXN-0299 | B300: V032 | C300: Jaywalk Maintenance Pvt Ltd | D300: INV-032-41574 | E300: 45832 | F300: 45854 | G300: 179593.25 | H300: PO442026 | I300: GR442026 | J300: AP-Mgr-03 | K300: =VALUE(LEFT(TEXT(G300,"0"),1)) -> 1 | L300: =IF(COUNTIFS($B$2:$B$1534,B300,$D$2:$D$1534,D300)>1,1,0) -> 0 | M300: =IF(AND(L300=0,COUNTIFS($B$2:$B$1534,B300,$G$2:$G$1534,G300,$E$2:$E$1534,">="&(E300-Assumptions!$B$5),$E$2:$E$1534,"<="&(E300+Assumptions!$B$5))>1),1,0) -> 0 | N300: =IF(AND(G300>=Assumptions!$B$4*(1-Assumptions!$B$6),G300<Assumptions!$B$4),1,0) -> 0 | O300: =IF(AND(G300>=Assumptions!$B$7,MOD(G300,Assumptions!$B$7)=0),1,0) -> 0 | P300: =IF(OR(H300="",I300=""),1,0) -> 0 | Q300: =IF(WEEKDAY(F300,2)>5,1,0) -> 0 | R300: =L300*Assumptions!$B$11+M300*Assumptions!$B$12+N300*Assumptions!$B$13+O300*Assumptions!$B$14+P300*Assumptions!$B$15+Q300*Assumptions!$B$16 -> 0 | S300: =IF(R300>=Assumptions!$B$20,"High",IF(R300>=Assumptions!$B$21,"Medium",IF(R300>=1,"Low","Clear"))) -> Clear | T300: =IF(R300=0,"",IF(L300=1,"Duplicate invoice; ","")&IF(M300=1,"Near-duplicate; ","")&IF(N300=1,"Just below limit; ","")&IF(O300=1,"Round amount; ","")&IF(P300=1,"No PO/GRN; ","")&IF(Q300=1,"Weekend payment; ",""))
A301: TXN-0300 | B301: V039 | C301: Ironwood Electricals Pvt Ltd | D301: INV-039-28537 | E301: 45824 | F301: 45854 | G301: 1755.93 | H301: PO486980 | I301: GR486980 | J301: AP-Mgr-03 | K301: =VALUE(LEFT(TEXT(G301,"0"),1)) -> 1 | L301: =IF(COUNTIFS($B$2:$B$1534,B301,$D$2:$D$1534,D301)>1,1,0) -> 0 | M301: =IF(AND(L301=0,COUNTIFS($B$2:$B$1534,B301,$G$2:$G$1534,G301,$E$2:$E$1534,">="&(E301-Assumptions!$B$5),$E$2:$E$1534,"<="&(E301+Assumptions!$B$5))>1),1,0) -> 0 | N301: =IF(AND(G301>=Assumptions!$B$4*(1-Assumptions!$B$6),G301<Assumptions!$B$4),1,0) -> 0 | O301: =IF(AND(G301>=Assumptions!$B$7,MOD(G301,Assumptions!$B$7)=0),1,0) -> 0 | P301: =IF(OR(H301="",I301=""),1,0) -> 0 | Q301: =IF(WEEKDAY(F301,2)>5,1,0) -> 0 | R301: =L301*Assumptions!$B$11+M301*Assumptions!$B$12+N301*Assumptions!$B$13+O301*Assumptions!$B$14+P301*Assumptions!$B$15+Q301*Assumptions!$B$16 -> 0 | S301: =IF(R301>=Assumptions!$B$20,"High",IF(R301>=Assumptions!$B$21,"Medium",IF(R301>=1,"Low","Clear"))) -> Clear | T301: =IF(R301=0,"",IF(L301=1,"Duplicate invoice; ","")&IF(M301=1,"Near-duplicate; ","")&IF(N301=1,"Just below limit; ","")&IF(O301=1,"Round amount; ","")&IF(P301=1,"No PO/GRN; ","")&IF(Q301=1,"Weekend payment; ",""))
A302: TXN-0301 | B302: V010 | C302: Crestline Facility Care Pvt Ltd | D302: INV-010-16725 | E302: 45831 | F302: 45855 | G302: 3440.33 | H302: PO493329 | I302: GR493329 | J302: AP-Mgr-04 | K302: =VALUE(LEFT(TEXT(G302,"0"),1)) -> 3 | L302: =IF(COUNTIFS($B$2:$B$1534,B302,$D$2:$D$1534,D302)>1,1,0) -> 0 | M302: =IF(AND(L302=0,COUNTIFS($B$2:$B$1534,B302,$G$2:$G$1534,G302,$E$2:$E$1534,">="&(E302-Assumptions!$B$5),$E$2:$E$1534,"<="&(E302+Assumptions!$B$5))>1),1,0) -> 0 | N302: =IF(AND(G302>=Assumptions!$B$4*(1-Assumptions!$B$6),G302<Assumptions!$B$4),1,0) -> 0 | O302: =IF(AND(G302>=Assumptions!$B$7,MOD(G302,Assumptions!$B$7)=0),1,0) -> 0 | P302: =IF(OR(H302="",I302=""),1,0) -> 0 | Q302: =IF(WEEKDAY(F302,2)>5,1,0) -> 0 | R302: =L302*Assumptions!$B$11+M302*Assumptions!$B$12+N302*Assumptions!$B$13+O302*Assumptions!$B$14+P302*Assumptions!$B$15+Q302*Assumptions!$B$16 -> 0 | S302: =IF(R302>=Assumptions!$B$20,"High",IF(R302>=Assumptions!$B$21,"Medium",IF(R302>=1,"Low","Clear"))) -> Clear | T302: =IF(R302=0,"",IF(L302=1,"Duplicate invoice; ","")&IF(M302=1,"Near-duplicate; ","")&IF(N302=1,"Just below limit; ","")&IF(O302=1,"Round amount; ","")&IF(P302=1,"No PO/GRN; ","")&IF(Q302=1,"Weekend payment; ",""))
A303: TXN-0302 | B303: V021 | C303: Northstar Consulting Pvt Ltd | D303: INV-021-20029 | E303: 45826 | F303: 45855 | G303: 73434.52 | H303: PO412626 | I303: GR412626 | J303: AP-Mgr-06 | K303: =VALUE(LEFT(TEXT(G303,"0"),1)) -> 7 | L303: =IF(COUNTIFS($B$2:$B$1534,B303,$D$2:$D$1534,D303)>1,1,0) -> 0 | M303: =IF(AND(L303=0,COUNTIFS($B$2:$B$1534,B303,$G$2:$G$1534,G303,$E$2:$E$1534,">="&(E303-Assumptions!$B$5),$E$2:$E$1534,"<="&(E303+Assumptions!$B$5))>1),1,0) -> 0 | N303: =IF(AND(G303>=Assumptions!$B$4*(1-Assumptions!$B$6),G303<Assumptions!$B$4),1,0) -> 0 | O303: =IF(AND(G303>=Assumptions!$B$7,MOD(G303,Assumptions!$B$7)=0),1,0) -> 0 | P303: =IF(OR(H303="",I303=""),1,0) -> 0 | Q303: =IF(WEEKDAY(F303,2)>5,1,0) -> 0 | R303: =L303*Assumptions!$B$11+M303*Assumptions!$B$12+N303*Assumptions!$B$13+O303*Assumptions!$B$14+P303*Assumptions!$B$15+Q303*Assumptions!$B$16 -> 0 | S303: =IF(R303>=Assumptions!$B$20,"High",IF(R303>=Assumptions!$B$21,"Medium",IF(R303>=1,"Low","Clear"))) -> Clear | T303: =IF(R303=0,"",IF(L303=1,"Duplicate invoice; ","")&IF(M303=1,"Near-duplicate; ","")&IF(N303=1,"Just below limit; ","")&IF(O303=1,"Round amount; ","")&IF(P303=1,"No PO/GRN; ","")&IF(Q303=1,"Weekend payment; ",""))
A304: TXN-0303 | B304: V040 | C304: Unity Maintenance Pvt Ltd | D304: INV-040-81358 | E304: 45823 | F304: 45855 | G304: 21805.56 | H304: PO426887 | I304: GR426887 | J304: AP-Mgr-05 | K304: =VALUE(LEFT(TEXT(G304,"0"),1)) -> 2 | L304: =IF(COUNTIFS($B$2:$B$1534,B304,$D$2:$D$1534,D304)>1,1,0) -> 0 | M304: =IF(AND(L304=0,COUNTIFS($B$2:$B$1534,B304,$G$2:$G$1534,G304,$E$2:$E$1534,">="&(E304-Assumptions!$B$5),$E$2:$E$1534,"<="&(E304+Assumptions!$B$5))>1),1,0) -> 0 | N304: =IF(AND(G304>=Assumptions!$B$4*(1-Assumptions!$B$6),G304<Assumptions!$B$4),1,0) -> 0 | O304: =IF(AND(G304>=Assumptions!$B$7,MOD(G304,Assumptions!$B$7)=0),1,0) -> 0 | P304: =IF(OR(H304="",I304=""),1,0) -> 0 | Q304: =IF(WEEKDAY(F304,2)>5,1,0) -> 0 | R304: =L304*Assumptions!$B$11+M304*Assumptions!$B$12+N304*Assumptions!$B$13+O304*Assumptions!$B$14+P304*Assumptions!$B$15+Q304*Assumptions!$B$16 -> 0 | S304: =IF(R304>=Assumptions!$B$20,"High",IF(R304>=Assumptions!$B$21,"Medium",IF(R304>=1,"Low","Clear"))) -> Clear | T304: =IF(R304=0,"",IF(L304=1,"Duplicate invoice; ","")&IF(M304=1,"Near-duplicate; ","")&IF(N304=1,"Just below limit; ","")&IF(O304=1,"Round amount; ","")&IF(P304=1,"No PO/GRN; ","")&IF(Q304=1,"Weekend payment; ",""))
A305: TXN-0304 | B305: V006 | C305: Vertex Stationery Pvt Ltd | D305: INV-006-46624 | E305: 45820 | F305: 45856 | G305: 892765.28 | H305: PO498380 | I305: GR498380 | J305: AP-Mgr-04 | K305: =VALUE(LEFT(TEXT(G305,"0"),1)) -> 8 | L305: =IF(COUNTIFS($B$2:$B$1534,B305,$D$2:$D$1534,D305)>1,1,0) -> 0 | M305: =IF(AND(L305=0,COUNTIFS($B$2:$B$1534,B305,$G$2:$G$1534,G305,$E$2:$E$1534,">="&(E305-Assumptions!$B$5),$E$2:$E$1534,"<="&(E305+Assumptions!$B$5))>1),1,0) -> 0 | N305: =IF(AND(G305>=Assumptions!$B$4*(1-Assumptions!$B$6),G305<Assumptions!$B$4),1,0) -> 0 | O305: =IF(AND(G305>=Assumptions!$B$7,MOD(G305,Assumptions!$B$7)=0),1,0) -> 0 | P305: =IF(OR(H305="",I305=""),1,0) -> 0 | Q305: =IF(WEEKDAY(F305,2)>5,1,0) -> 0 | R305: =L305*Assumptions!$B$11+M305*Assumptions!$B$12+N305*Assumptions!$B$13+O305*Assumptions!$B$14+P305*Assumptions!$B$15+Q305*Assumptions!$B$16 -> 0 | S305: =IF(R305>=Assumptions!$B$20,"High",IF(R305>=Assumptions!$B$21,"Medium",IF(R305>=1,"Low","Clear"))) -> Clear | T305: =IF(R305=0,"",IF(L305=1,"Duplicate invoice; ","")&IF(M305=1,"Near-duplicate; ","")&IF(N305=1,"Just below limit; ","")&IF(O305=1,"Round amount; ","")&IF(P305=1,"No PO/GRN; ","")&IF(Q305=1,"Weekend payment; ",""))
A306: TXN-0305 | B306: V007 | C306: Riverside Logistics Pvt Ltd | D306: INV-007-22091 | E306: 45823 | F306: 45856 | G306: 305712.28 | H306: PO410740 | I306: GR410740 | J306: AP-Mgr-01 | K306: =VALUE(LEFT(TEXT(G306,"0"),1)) -> 3 | L306: =IF(COUNTIFS($B$2:$B$1534,B306,$D$2:$D$1534,D306)>1,1,0) -> 0 | M306: =IF(AND(L306=0,COUNTIFS($B$2:$B$1534,B306,$G$2:$G$1534,G306,$E$2:$E$1534,">="&(E306-Assumptions!$B$5),$E$2:$E$1534,"<="&(E306+Assumptions!$B$5))>1),1,0) -> 0 | N306: =IF(AND(G306>=Assumptions!$B$4*(1-Assumptions!$B$6),G306<Assumptions!$B$4),1,0) -> 0 | O306: =IF(AND(G306>=Assumptions!$B$7,MOD(G306,Assumptions!$B$7)=0),1,0) -> 0 | P306: =IF(OR(H306="",I306=""),1,0) -> 0 | Q306: =IF(WEEKDAY(F306,2)>5,1,0) -> 0 | R306: =L306*Assumptions!$B$11+M306*Assumptions!$B$12+N306*Assumptions!$B$13+O306*Assumptions!$B$14+P306*Assumptions!$B$15+Q306*Assumptions!$B$16 -> 0 | S306: =IF(R306>=Assumptions!$B$20,"High",IF(R306>=Assumptions!$B$21,"Medium",IF(R306>=1,"Low","Clear"))) -> Clear | T306: =IF(R306=0,"",IF(L306=1,"Duplicate invoice; ","")&IF(M306=1,"Near-duplicate; ","")&IF(N306=1,"Just below limit; ","")&IF(O306=1,"Round amount; ","")&IF(P306=1,"No PO/GRN; ","")&IF(Q306=1,"Weekend payment; ",""))
A307: TXN-0306 | B307: V018 | C307: Ironwood Hardware Pvt Ltd | D307: INV-018-92132 | E307: 45819 | F307: 45856 | G307: 3884.15 | H307: PO496147 | I307: GR496147 | J307: AP-Mgr-01 | K307: =VALUE(LEFT(TEXT(G307,"0"),1)) -> 3 | L307: =IF(COUNTIFS($B$2:$B$1534,B307,$D$2:$D$1534,D307)>1,1,0) -> 0 | M307: =IF(AND(L307=0,COUNTIFS($B$2:$B$1534,B307,$G$2:$G$1534,G307,$E$2:$E$1534,">="&(E307-Assumptions!$B$5),$E$2:$E$1534,"<="&(E307+Assumptions!$B$5))>1),1,0) -> 0 | N307: =IF(AND(G307>=Assumptions!$B$4*(1-Assumptions!$B$6),G307<Assumptions!$B$4),1,0) -> 0 | O307: =IF(AND(G307>=Assumptions!$B$7,MOD(G307,Assumptions!$B$7)=0),1,0) -> 0 | P307: =IF(OR(H307="",I307=""),1,0) -> 0 | Q307: =IF(WEEKDAY(F307,2)>5,1,0) -> 0 | R307: =L307*Assumptions!$B$11+M307*Assumptions!$B$12+N307*Assumptions!$B$13+O307*Assumptions!$B$14+P307*Assumptions!$B$15+Q307*Assumptions!$B$16 -> 0 | S307: =IF(R307>=Assumptions!$B$20,"High",IF(R307>=Assumptions!$B$21,"Medium",IF(R307>=1,"Low","Clear"))) -> Clear | T307: =IF(R307=0,"",IF(L307=1,"Duplicate invoice; ","")&IF(M307=1,"Near-duplicate; ","")&IF(N307=1,"Just below limit; ","")&IF(O307=1,"Round amount; ","")&IF(P307=1,"No PO/GRN; ","")&IF(Q307=1,"Weekend payment; ",""))
... A328: TXN-0327 | B328: V007 | C328: Riverside Logistics Pvt Ltd | D328: INV-007-47777 | E328: 45830 | F328: 45860 | G328: 17176.52 | H328: PO464942 | I328: GR464942 | J328: AP-Mgr-06 | K328: =VALUE(LEFT(TEXT(G328,"0"),1)) -> 1 | L328: =IF(COUNTIFS($B$2:$B$1534,B328,$D$2:$D$1534,D328)>1,1,0) -> 0 | M328: =IF(AND(L328=0,COUNTIFS($B$2:$B$1534,B328,$G$2:$G$1534,G328,$E$2:$E$1534,">="&(E328-Assumptions!$B$5),$E$2:$E$1534,"<="&(E328+Assumptions!$B$5))>1),1,0) -> 0 | N328: =IF(AND(G328>=Assumptions!$B$4*(1-Assumptions!$B$6),G328<Assumptions!$B$4),1,0) -> 0 | O328: =IF(AND(G328>=Assumptions!$B$7,MOD(G328,Assumptions!$B$7)=0),1,0) -> 0 | P328: =IF(OR(H328="",I328=""),1,0) -> 0 | Q328: =IF(WEEKDAY(F328,2)>5,1,0) -> 0 | R328: =L328*Assumptions!$B$11+M328*Assumptions!$B$12+N328*Assumptions!$B$13+O328*Assumptions!$B$14+P328*Assumptions!$B$15+Q328*Assumptions!$B$16 -> 0 | S328: =IF(R328>=Assumptions!$B$20,"High",IF(R328>=Assumptions!$B$21,"Medium",IF(R328>=1,"Low","Clear"))) -> Clear | T328: =IF(R328=0,"",IF(L328=1,"Duplicate invoice; ","")&IF(M328=1,"Near-duplicate; ","")&IF(N328=1,"Just below limit; ","")&IF(O328=1,"Round amount; ","")&IF(P328=1,"No PO/GRN; ","")&IF(Q328=1,"Weekend payment; ",""))
A329: TXN-0328 | B329: V007 | C329: Riverside Logistics Pvt Ltd | D329: INV-007-75054 | E329: 45832 | F329: 45860 | G329: 2168.07 | J329: AP-Mgr-02 | K329: =VALUE(LEFT(TEXT(G329,"0"),1)) -> 2 | L329: =IF(COUNTIFS($B$2:$B$1534,B329,$D$2:$D$1534,D329)>1,1,0) -> 0 | M329: =IF(AND(L329=0,COUNTIFS($B$2:$B$1534,B329,$G$2:$G$1534,G329,$E$2:$E$1534,">="&(E329-Assumptions!$B$5),$E$2:$E$1534,"<="&(E329+Assumptions!$B$5))>1),1,0) -> 0 | N329: =IF(AND(G329>=Assumptions!$B$4*(1-Assumptions!$B$6),G329<Assumptions!$B$4),1,0) -> 0 | O329: =IF(AND(G329>=Assumptions!$B$7,MOD(G329,Assumptions!$B$7)=0),1,0) -> 0 | P329: =IF(OR(H329="",I329=""),1,0) -> 1 | Q329: =IF(WEEKDAY(F329,2)>5,1,0) -> 0 | R329: =L329*Assumptions!$B$11+M329*Assumptions!$B$12+N329*Assumptions!$B$13+O329*Assumptions!$B$14+P329*Assumptions!$B$15+Q329*Assumptions!$B$16 -> 4 | S329: =IF(R329>=Assumptions!$B$20,"High",IF(R329>=Assumptions!$B$21,"Medium",IF(R329>=1,"Low","Clear"))) -> Medium | T329: =IF(R329=0,"",IF(L329=1,"Duplicate invoice; ","")&IF(M329=1,"Near-duplicate; ","")&IF(N329=1,"Just below limit; ","")&IF(O329=1,"Round amount; ","")&IF(P329=1,"No PO/GRN; ","")&IF(Q329=1,"Weekend payment; ","")) -> No PO/GRN;
A330: TXN-0329 | B330: V015 | C330: Westgate Travel Desk Pvt Ltd | D330: INV-015-61390 | E330: 45821 | F330: 45860 | G330: 5945.09 | H330: PO447638 | I330: GR447638 | J330: AP-Mgr-02 | K330: =VALUE(LEFT(TEXT(G330,"0"),1)) -> 5 | L330: =IF(COUNTIFS($B$2:$B$1534,B330,$D$2:$D$1534,D330)>1,1,0) -> 0 | M330: =IF(AND(L330=0,COUNTIFS($B$2:$B$1534,B330,$G$2:$G$1534,G330,$E$2:$E$1534,">="&(E330-Assumptions!$B$5),$E$2:$E$1534,"<="&(E330+Assumptions!$B$5))>1),1,0) -> 0 | N330: =IF(AND(G330>=Assumptions!$B$4*(1-Assumptions!$B$6),G330<Assumptions!$B$4),1,0) -> 0 | O330: =IF(AND(G330>=Assumptions!$B$7,MOD(G330,Assumptions!$B$7)=0),1,0) -> 0 | P330: =IF(OR(H330="",I330=""),1,0) -> 0 | Q330: =IF(WEEKDAY(F330,2)>5,1,0) -> 0 | R330: =L330*Assumptions!$B$11+M330*Assumptions!$B$12+N330*Assumptions!$B$13+O330*Assumptions!$B$14+P330*Assumptions!$B$15+Q330*Assumptions!$B$16 -> 0 | S330: =IF(R330>=Assumptions!$B$20,"High",IF(R330>=Assumptions!$B$21,"Medium",IF(R330>=1,"Low","Clear"))) -> Clear | T330: =IF(R330=0,"",IF(L330=1,"Duplicate invoice; ","")&IF(M330=1,"Near-duplicate; ","")&IF(N330=1,"Just below limit; ","")&IF(O330=1,"Round amount; ","")&IF(P330=1,"No PO/GRN; ","")&IF(Q330=1,"Weekend payment; ",""))
A331: TXN-0330 | B331: V017 | C331: Orbit Catering Pvt Ltd | D331: INV-017-27275 | E331: 45837 | F331: 45860 | G331: 96199.53 | H331: PO403379 | I331: GR403379 | J331: AP-Mgr-01 | K331: =VALUE(LEFT(TEXT(G331,"0"),1)) -> 9 | L331: =IF(COUNTIFS($B$2:$B$1534,B331,$D$2:$D$1534,D331)>1,1,0) -> 0 | M331: =IF(AND(L331=0,COUNTIFS($B$2:$B$1534,B331,$G$2:$G$1534,G331,$E$2:$E$1534,">="&(E331-Assumptions!$B$5),$E$2:$E$1534,"<="&(E331+Assumptions!$B$5))>1),1,0) -> 0 | N331: =IF(AND(G331>=Assumptions!$B$4*(1-Assumptions!$B$6),G331<Assumptions!$B$4),1,0) -> 0 | O331: =IF(AND(G331>=Assumptions!$B$7,MOD(G331,Assumptions!$B$7)=0),1,0) -> 0 | P331: =IF(OR(H331="",I331=""),1,0) -> 0 | Q331: =IF(WEEKDAY(F331,2)>5,1,0) -> 0 | R331: =L331*Assumptions!$B$11+M331*Assumptions!$B$12+N331*Assumptions!$B$13+O331*Assumptions!$B$14+P331*Assumptions!$B$15+Q331*Assumptions!$B$16 -> 0 | S331: =IF(R331>=Assumptions!$B$20,"High",IF(R331>=Assumptions!$B$21,"Medium",IF(R331>=1,"Low","Clear"))) -> Clear | T331: =IF(R331=0,"",IF(L331=1,"Duplicate invoice; ","")&IF(M331=1,"Near-duplicate; ","")&IF(N331=1,"Just below limit; ","")&IF(O331=1,"Round amount; ","")&IF(P331=1,"No PO/GRN; ","")&IF(Q331=1,"Weekend payment; ",""))
A332: TXN-0331 | B332: V020 | C332: Fortis Stationery Pvt Ltd | D332: INV-020-36489 | E332: 45837 | F332: 45860 | G332: 13263.16 | H332: PO404901 | I332: GR404901 | J332: AP-Mgr-01 | K332: =VALUE(LEFT(TEXT(G332,"0"),1)) -> 1 | L332: =IF(COUNTIFS($B$2:$B$1534,B332,$D$2:$D$1534,D332)>1,1,0) -> 0 | M332: =IF(AND(L332=0,COUNTIFS($B$2:$B$1534,B332,$G$2:$G$1534,G332,$E$2:$E$1534,">="&(E332-Assumptions!$B$5),$E$2:$E$1534,"<="&(E332+Assumptions!$B$5))>1),1,0) -> 0 | N332: =IF(AND(G332>=Assumptions!$B$4*(1-Assumptions!$B$6),G332<Assumptions!$B$4),1,0) -> 0 | O332: =IF(AND(G332>=Assumptions!$B$7,MOD(G332,Assumptions!$B$7)=0),1,0) -> 0 | P332: =IF(OR(H332="",I332=""),1,0) -> 0 | Q332: =IF(WEEKDAY(F332,2)>5,1,0) -> 0 | R332: =L332*Assumptions!$B$11+M332*Assumptions!$B$12+N332*Assumptions!$B$13+O332*Assumptions!$B$14+P332*Assumptions!$B$15+Q332*Assumptions!$B$16 -> 0 | S332: =IF(R332>=Assumptions!$B$20,"High",IF(R332>=Assumptions!$B$21,"Medium",IF(R332>=1,"Low","Clear"))) -> Clear | T332: =IF(R332=0,"",IF(L332=1,"Duplicate invoice; ","")&IF(M332=1,"Near-duplicate; ","")&IF(N332=1,"Just below limit; ","")&IF(O332=1,"Round amount; ","")&IF(P332=1,"No PO/GRN; ","")&IF(Q332=1,"Weekend payment; ",""))
A333: TXN-0332 | B333: V029 | C333: Orbit Travel Desk Pvt Ltd | D333: INV-029-77350 | E333: 45838 | F333: 45860 | G333: 3638.56 | H333: PO422779 | I333: GR422779 | J333: AP-Mgr-01 | K333: =VALUE(LEFT(TEXT(G333,"0"),1)) -> 3 | L333: =IF(COUNTIFS($B$2:$B$1534,B333,$D$2:$D$1534,D333)>1,1,0) -> 0 | M333: =IF(AND(L333=0,COUNTIFS($B$2:$B$1534,B333,$G$2:$G$1534,G333,$E$2:$E$1534,">="&(E333-Assumptions!$B$5),$E$2:$E$1534,"<="&(E333+Assumptions!$B$5))>1),1,0) -> 0 | N333: =IF(AND(G333>=Assumptions!$B$4*(1-Assumptions!$B$6),G333<Assumptions!$B$4),1,0) -> 0 | O333: =IF(AND(G333>=Assumptions!$B$7,MOD(G333,Assumptions!$B$7)=0),1,0) -> 0 | P333: =IF(OR(H333="",I333=""),1,0) -> 0 | Q333: =IF(WEEKDAY(F333,2)>5,1,0) -> 0 | R333: =L333*Assumptions!$B$11+M333*Assumptions!$B$12+N333*Assumptions!$B$13+O333*Assumptions!$B$14+P333*Assumptions!$B$15+Q333*Assumptions!$B$16 -> 0 | S333: =IF(R333>=Assumptions!$B$20,"High",IF(R333>=Assumptions!$B$21,"Medium",IF(R333>=1,"Low","Clear"))) -> Clear | T333: =IF(R333=0,"",IF(L333=1,"Duplicate invoice; ","")&IF(M333=1,"Near-duplicate; ","")&IF(N333=1,"Just below limit; ","")&IF(O333=1,"Round amount; ","")&IF(P333=1,"No PO/GRN; ","")&IF(Q333=1,"Weekend payment; ",""))
A334: TXN-0333 | B334: V031 | C334: Crestline Travel Desk Pvt Ltd | D334: INV-031-58971 | E334: 45826 | F334: 45860 | G334: 175067.09 | H334: PO479395 | I334: GR479395 | J334: AP-Mgr-04 | K334: =VALUE(LEFT(TEXT(G334,"0"),1)) -> 1 | L334: =IF(COUNTIFS($B$2:$B$1534,B334,$D$2:$D$1534,D334)>1,1,0) -> 0 | M334: =IF(AND(L334=0,COUNTIFS($B$2:$B$1534,B334,$G$2:$G$1534,G334,$E$2:$E$1534,">="&(E334-Assumptions!$B$5),$E$2:$E$1534,"<="&(E334+Assumptions!$B$5))>1),1,0) -> 0 | N334: =IF(AND(G334>=Assumptions!$B$4*(1-Assumptions!$B$6),G334<Assumptions!$B$4),1,0) -> 0 | O334: =IF(AND(G334>=Assumptions!$B$7,MOD(G334,Assumptions!$B$7)=0),1,0) -> 0 | P334: =IF(OR(H334="",I334=""),1,0) -> 0 | Q334: =IF(WEEKDAY(F334,2)>5,1,0) -> 0 | R334: =L334*Assumptions!$B$11+M334*Assumptions!$B$12+N334*Assumptions!$B$13+O334*Assumptions!$B$14+P334*Assumptions!$B$15+Q334*Assumptions!$B$16 -> 0 | S334: =IF(R334>=Assumptions!$B$20,"High",IF(R334>=Assumptions!$B$21,"Medium",IF(R334>=1,"Low","Clear"))) -> Clear | T334: =IF(R334=0,"",IF(L334=1,"Duplicate invoice; ","")&IF(M334=1,"Near-duplicate; ","")&IF(N334=1,"Just below limit; ","")&IF(O334=1,"Round amount; ","")&IF(P334=1,"No PO/GRN; ","")&IF(Q334=1,"Weekend payment; ",""))
A335: TXN-0334 | B335: V036 | C335: Vertex Facility Care Pvt Ltd | D335: INV-036-65461 | E335: 45832 | F335: 45860 | G335: 38284.36 | J335: AP-Mgr-02 | K335: =VALUE(LEFT(TEXT(G335,"0"),1)) -> 3 | L335: =IF(COUNTIFS($B$2:$B$1534,B335,$D$2:$D$1534,D335)>1,1,0) -> 0 | M335: =IF(AND(L335=0,COUNTIFS($B$2:$B$1534,B335,$G$2:$G$1534,G335,$E$2:$E$1534,">="&(E335-Assumptions!$B$5),$E$2:$E$1534,"<="&(E335+Assumptions!$B$5))>1),1,0) -> 0 | N335: =IF(AND(G335>=Assumptions!$B$4*(1-Assumptions!$B$6),G335<Assumptions!$B$4),1,0) -> 0 | O335: =IF(AND(G335>=Assumptions!$B$7,MOD(G335,Assumptions!$B$7)=0),1,0) -> 0 | P335: =IF(OR(H335="",I335=""),1,0) -> 1 | Q335: =IF(WEEKDAY(F335,2)>5,1,0) -> 0 | R335: =L335*Assumptions!$B$11+M335*Assumptions!$B$12+N335*Assumptions!$B$13+O335*Assumptions!$B$14+P335*Assumptions!$B$15+Q335*Assumptions!$B$16 -> 4 | S335: =IF(R335>=Assumptions!$B$20,"High",IF(R335>=Assumptions!$B$21,"Medium",IF(R335>=1,"Low","Clear"))) -> Medium | T335: =IF(R335=0,"",IF(L335=1,"Duplicate invoice; ","")&IF(M335=1,"Near-duplicate; ","")&IF(N335=1,"Just below limit; ","")&IF(O335=1,"Round amount; ","")&IF(P335=1,"No PO/GRN; ","")&IF(Q335=1,"Weekend payment; ","")) -> No PO/GRN;
A336: TXN-0335 | B336: V040 | C336: Unity Maintenance Pvt Ltd | D336: INV-040-60779 | E336: 45829 | F336: 45860 | G336: 13138.81 | H336: PO437079 | I336: GR437079 | J336: AP-Mgr-04 | K336: =VALUE(LEFT(TEXT(G336,"0"),1)) -> 1 | L336: =IF(COUNTIFS($B$2:$B$1534,B336,$D$2:$D$1534,D336)>1,1,0) -> 0 | M336: =IF(AND(L336=0,COUNTIFS($B$2:$B$1534,B336,$G$2:$G$1534,G336,$E$2:$E$1534,">="&(E336-Assumptions!$B$5),$E$2:$E$1534,"<="&(E336+Assumptions!$B$5))>1),1,0) -> 0 | N336: =IF(AND(G336>=Assumptions!$B$4*(1-Assumptions!$B$6),G336<Assumptions!$B$4),1,0) -> 0 | O336: =IF(AND(G336>=Assumptions!$B$7,MOD(G336,Assumptions!$B$7)=0),1,0) -> 0 | P336: =IF(OR(H336="",I336=""),1,0) -> 0 | Q336: =IF(WEEKDAY(F336,2)>5,1,0) -> 0 | R336: =L336*Assumptions!$B$11+M336*Assumptions!$B$12+N336*Assumptions!$B$13+O336*Assumptions!$B$14+P336*Assumptions!$B$15+Q336*Assumptions!$B$16 -> 0 | S336: =IF(R336>=Assumptions!$B$20,"High",IF(R336>=Assumptions!$B$21,"Medium",IF(R336>=1,"Low","Clear"))) -> Clear | T336: =IF(R336=0,"",IF(L336=1,"Duplicate invoice; ","")&IF(M336=1,"Near-duplicate; ","")&IF(N336=1,"Just below limit; ","")&IF(O336=1,"Round amount; ","")&IF(P336=1,"No PO/GRN; ","")&IF(Q336=1,"Weekend payment; ",""))
A337: TXN-0336 | B337: V004 | C337: Horizon IT Services Pvt Ltd | D337: INV-004-47828 | E337: 45832 | F337: 45861 | G337: 60972.23 | H337: PO474607 | I337: GR474607 | J337: AP-Mgr-04 | K337: =VALUE(LEFT(TEXT(G337,"0"),1)) -> 6 | L337: =IF(COUNTIFS($B$2:$B$1534,B337,$D$2:$D$1534,D337)>1,1,0) -> 0 | M337: =IF(AND(L337=0,COUNTIFS($B$2:$B$1534,B337,$G$2:$G$1534,G337,$E$2:$E$1534,">="&(E337-Assumptions!$B$5),$E$2:$E$1534,"<="&(E337+Assumptions!$B$5))>1),1,0) -> 0 | N337: =IF(AND(G337>=Assumptions!$B$4*(1-Assumptions!$B$6),G337<Assumptions!$B$4),1,0) -> 0 | O337: =IF(AND(G337>=Assumptions!$B$7,MOD(G337,Assumptions!$B$7)=0),1,0) -> 0 | P337: =IF(OR(H337="",I337=""),1,0) -> 0 | Q337: =IF(WEEKDAY(F337,2)>5,1,0) -> 0 | R337: =L337*Assumptions!$B$11+M337*Assumptions!$B$12+N337*Assumptions!$B$13+O337*Assumptions!$B$14+P337*Assumptions!$B$15+Q337*Assumptions!$B$16 -> 0 | S337: =IF(R337>=Assumptions!$B$20,"High",IF(R337>=Assumptions!$B$21,"Medium",IF(R337>=1,"Low","Clear"))) -> Clear | T337: =IF(R337=0,"",IF(L337=1,"Duplicate invoice; ","")&IF(M337=1,"Near-duplicate; ","")&IF(N337=1,"Just below limit; ","")&IF(O337=1,"Round amount; ","")&IF(P337=1,"No PO/GRN; ","")&IF(Q337=1,"Weekend payment; ",""))
A338: TXN-0337 | B338: V010 | C338: Crestline Facility Care Pvt Ltd | D338: INV-010-23133 | E338: 45823 | F338: 45861 | G338: 58050.02 | H338: PO499402 | I338: GR499402 | J338: AP-Mgr-01 | K338: =VALUE(LEFT(TEXT(G338,"0"),1)) -> 5 | L338: =IF(COUNTIFS($B$2:$B$1534,B338,$D$2:$D$1534,D338)>1,1,0) -> 0 | M338: =IF(AND(L338=0,COUNTIFS($B$2:$B$1534,B338,$G$2:$G$1534,G338,$E$2:$E$1534,">="&(E338-Assumptions!$B$5),$E$2:$E$1534,"<="&(E338+Assumptions!$B$5))>1),1,0) -> 0 | N338: =IF(AND(G338>=Assumptions!$B$4*(1-Assumptions!$B$6),G338<Assumptions!$B$4),1,0) -> 0 | O338: =IF(AND(G338>=Assumptions!$B$7,MOD(G338,Assumptions!$B$7)=0),1,0) -> 0 | P338: =IF(OR(H338="",I338=""),1,0) -> 0 | Q338: =IF(WEEKDAY(F338,2)>5,1,0) -> 0 | R338: =L338*Assumptions!$B$11+M338*Assumptions!$B$12+N338*Assumptions!$B$13+O338*Assumptions!$B$14+P338*Assumptions!$B$15+Q338*Assumptions!$B$16 -> 0 | S338: =IF(R338>=Assumptions!$B$20,"High",IF(R338>=Assumptions!$B$21,"Medium",IF(R338>=1,"Low","Clear"))) -> Clear | T338: =IF(R338=0,"",IF(L338=1,"Duplicate invoice; ","")&IF(M338=1,"Near-duplicate; ","")&IF(N338=1,"Just below limit; ","")&IF(O338=1,"Round amount; ","")&IF(P338=1,"No PO/GRN; ","")&IF(Q338=1,"Weekend payment; ",""))
A339: TXN-0338 | B339: V014 | C339: Westgate Security Services Pvt Ltd | D339: INV-014-79176 | E339: 45824 | F339: 45861 | G339: 661725.47 | H339: PO479807 | I339: GR479807 | J339: AP-Mgr-04 | K339: =VALUE(LEFT(TEXT(G339,"0"),1)) -> 6 | L339: =IF(COUNTIFS($B$2:$B$1534,B339,$D$2:$D$1534,D339)>1,1,0) -> 0 | M339: =IF(AND(L339=0,COUNTIFS($B$2:$B$1534,B339,$G$2:$G$1534,G339,$E$2:$E$1534,">="&(E339-Assumptions!$B$5),$E$2:$E$1534,"<="&(E339+Assumptions!$B$5))>1),1,0) -> 0 | N339: =IF(AND(G339>=Assumptions!$B$4*(1-Assumptions!$B$6),G339<Assumptions!$B$4),1,0) -> 0 | O339: =IF(AND(G339>=Assumptions!$B$7,MOD(G339,Assumptions!$B$7)=0),1,0) -> 0 | P339: =IF(OR(H339="",I339=""),1,0) -> 0 | Q339: =IF(WEEKDAY(F339,2)>5,1,0) -> 0 | R339: =L339*Assumptions!$B$11+M339*Assumptions!$B$12+N339*Assumptions!$B$13+O339*Assumptions!$B$14+P339*Assumptions!$B$15+Q339*Assumptions!$B$16 -> 0 | S339: =IF(R339>=Assumptions!$B$20,"High",IF(R339>=Assumptions!$B$21,"Medium",IF(R339>=1,"Low","Clear"))) -> Clear | T339: =IF(R339=0,"",IF(L339=1,"Duplicate invoice; ","")&IF(M339=1,"Near-duplicate; ","")&IF(N339=1,"Just below limit; ","")&IF(O339=1,"Round amount; ","")&IF(P339=1,"No PO/GRN; ","")&IF(Q339=1,"Weekend payment; ",""))
A340: TXN-0339 | B340: V018 | C340: Ironwood Hardware Pvt Ltd | D340: INV-018-16608 | E340: 45825 | F340: 45861 | G340: 64993.28 | H340: PO413650 | I340: GR413650 | J340: AP-Mgr-04 | K340: =VALUE(LEFT(TEXT(G340,"0"),1)) -> 6 | L340: =IF(COUNTIFS($B$2:$B$1534,B340,$D$2:$D$1534,D340)>1,1,0) -> 0 | M340: =IF(AND(L340=0,COUNTIFS($B$2:$B$1534,B340,$G$2:$G$1534,G340,$E$2:$E$1534,">="&(E340-Assumptions!$B$5),$E$2:$E$1534,"<="&(E340+Assumptions!$B$5))>1),1,0) -> 0 | N340: =IF(AND(G340>=Assumptions!$B$4*(1-Assumptions!$B$6),G340<Assumptions!$B$4),1,0) -> 0 | O340: =IF(AND(G340>=Assumptions!$B$7,MOD(G340,Assumptions!$B$7)=0),1,0) -> 0 | P340: =IF(OR(H340="",I340=""),1,0) -> 0 | Q340: =IF(WEEKDAY(F340,2)>5,1,0) -> 0 | R340: =L340*Assumptions!$B$11+M340*Assumptions!$B$12+N340*Assumptions!$B$13+O340*Assumptions!$B$14+P340*Assumptions!$B$15+Q340*Assumptions!$B$16 -> 0 | S340: =IF(R340>=Assumptions!$B$20,"High",IF(R340>=Assumptions!$B$21,"Medium",IF(R340>=1,"Low","Clear"))) -> Clear | T340: =IF(R340=0,"",IF(L340=1,"Duplicate invoice; ","")&IF(M340=1,"Near-duplicate; ","")&IF(N340=1,"Just below limit; ","")&IF(O340=1,"Round amount; ","")&IF(P340=1,"No PO/GRN; ","")&IF(Q340=1,"Weekend payment; ",""))
A341: TXN-0340 | B341: V004 | C341: Horizon IT Services Pvt Ltd | D341: INV-004-21939 | E341: 45830 | F341: 45862 | G341: 782908.04 | H341: PO400693 | I341: GR400693 | J341: AP-Mgr-02 | K341: =VALUE(LEFT(TEXT(G341,"0"),1)) -> 7 | L341: =IF(COUNTIFS($B$2:$B$1534,B341,$D$2:$D$1534,D341)>1,1,0) -> 0 | M341: =IF(AND(L341=0,COUNTIFS($B$2:$B$1534,B341,$G$2:$G$1534,G341,$E$2:$E$1534,">="&(E341-Assumptions!$B$5),$E$2:$E$1534,"<="&(E341+Assumptions!$B$5))>1),1,0) -> 0 | N341: =IF(AND(G341>=Assumptions!$B$4*(1-Assumptions!$B$6),G341<Assumptions!$B$4),1,0) -> 0 | O341: =IF(AND(G341>=Assumptions!$B$7,MOD(G341,Assumptions!$B$7)=0),1,0) -> 0 | P341: =IF(OR(H341="",I341=""),1,0) -> 0 | Q341: =IF(WEEKDAY(F341,2)>5,1,0) -> 0 | R341: =L341*Assumptions!$B$11+M341*Assumptions!$B$12+N341*Assumptions!$B$13+O341*Assumptions!$B$14+P341*Assumptions!$B$15+Q341*Assumptions!$B$16 -> 0 | S341: =IF(R341>=Assumptions!$B$20,"High",IF(R341>=Assumptions!$B$21,"Medium",IF(R341>=1,"Low","Clear"))) -> Clear | T341: =IF(R341=0,"",IF(L341=1,"Duplicate invoice; ","")&IF(M341=1,"Near-duplicate; ","")&IF(N341=1,"Just below limit; ","")&IF(O341=1,"Round amount; ","")&IF(P341=1,"No PO/GRN; ","")&IF(Q341=1,"Weekend payment; ",""))
...

Sheet Assumptions
A1: Assumptions and parameters
A2: Blue cells are inputs. Change them and every test, count and chart in the workbook recalculates.
A3: Parameter | B3: Value | C3: Note
A4: Approval limit (INR) | B4: 50000 | C4: Assumed single-approver limit. Invoices above this need senior approval. Illustrative value, not from a real client.
A5: Near-duplicate window (days) | B5: 7 | C5: Same vendor + same amount, invoice dates within this many days, different invoice number.
A6: Just-below-limit band (%) | B6: 0.05 | C6: Flag amounts from (limit x (1 - band)) up to the limit. 5% of 50,000 = 47,500 to 49,999.99.
A7: Round-number multiple (INR) | B7: 10000 | C7: Flag amounts that are an exact multiple of this value.
A9: Risk weights (points added to a transaction's score per test failed)
A10: Test | B10: Weight | C10: Rationale
A11: Duplicate invoice | B11: 5 | C11: Strongest indicator of duplicate payment; most direct financial loss.
A12: Near-duplicate | B12: 3 | C12: Same amount and vendor close in time with a different invoice number: a common way duplicates are disguised.
A13: Just below approval limit | B13: 3 | C13: Possible invoice splitting or limit avoidance.
A14: Round-number amount | B14: 1 | C14: Weak on its own. Genuine invoices can be round, so it is weighted low.
A15: No PO / GRN (3-way match failure) | B15: 4 | C15: Payment without purchase order or goods receipt bypasses a core control.
A16: Weekend payment | B16: 1 | C16: Weak on its own. Unusual processing time, worth a look in combination with other flags.
A18: Rating cut-offs
A19: Rating | B19: Minimum score | C19: Note
A20: High | B20: 5 | C20: Score at or above this value is High.
A21: Medium | B21: 3 | C21: Score at or above this value (and below High) is Medium.
A22: Low | B22: 1 | C22: Any other flagged transaction. Score 0 = Clear.

Sheet Vendor_Risk
A1: Vendor risk view
A2: Sorted by flagged transactions when the file was built; the figures themselves are live formulas.
A4: Vendor_ID | B4: Vendor_Name | C4: Transactions | D4: Total value (INR) | E4: Flagged txns | F4: % flagged | G4: Value flagged (INR) | H4: High-risk txns
A5: V020 | B5: Fortis Stationery Pvt Ltd | C5: =COUNTIF(Data!$B$2:$B$1534,A5) -> 48 | D5: =SUMIF(Data!$B$2:$B$1534,A5,Data!$G$2:$G$1534) -> 7764932 | E5: =COUNTIFS(Data!$B$2:$B$1534,A5,Data!$R$2:$R$1534,">0") -> 11 | F5: =IF(C5=0,0,E5/C5) -> 0.22916667 | G5: =SUMIFS(Data!$G$2:$G$1534,Data!$B$2:$B$1534,A5,Data!$R$2:$R$1534,">0") -> 2314909.4 | H5: =COUNTIFS(Data!$B$2:$B$1534,A5,Data!$S$2:$S$1534,"High") -> 4
A6: V030 | B6: Delta Print Media Pvt Ltd | C6: =COUNTIF(Data!$B$2:$B$1534,A6) -> 47 | D6: =SUMIF(Data!$B$2:$B$1534,A6,Data!$G$2:$G$1534) -> 10391465 | E6: =COUNTIFS(Data!$B$2:$B$1534,A6,Data!$R$2:$R$1534,">0") -> 10 | F6: =IF(C6=0,0,E6/C6) -> 0.21276596 | G6: =SUMIFS(Data!$G$2:$G$1534,Data!$B$2:$B$1534,A6,Data!$R$2:$R$1534,">0") -> 3827306.4 | H6: =COUNTIFS(Data!$B$2:$B$1534,A6,Data!$S$2:$S$1534,"High") -> 4
A7: V014 | B7: Westgate Security Services Pvt Ltd | C7: =COUNTIF(Data!$B$2:$B$1534,A7) -> 39 | D7: =SUMIF(Data!$B$2:$B$1534,A7,Data!$G$2:$G$1534) -> 4287707.8 | E7: =COUNTIFS(Data!$B$2:$B$1534,A7,Data!$R$2:$R$1534,">0") -> 6 | F7: =IF(C7=0,0,E7/C7) -> 0.15384615 | G7: =SUMIFS(Data!$G$2:$G$1534,Data!$B$2:$B$1534,A7,Data!$R$2:$R$1534,">0") -> 190294.98 | H7: =COUNTIFS(Data!$B$2:$B$1534,A7,Data!$S$2:$S$1534,"High") -> 4
A8: V026 | B8: Delta Consulting Pvt Ltd | C8: =COUNTIF(Data!$B$2:$B$1534,A8) -> 41 | D8: =SUMIF(Data!$B$2:$B$1534,A8,Data!$G$2:$G$1534) -> 4964671.7 | E8: =COUNTIFS(Data!$B$2:$B$1534,A8,Data!$R$2:$R$1534,">0") -> 11 | F8: =IF(C8=0,0,E8/C8) -> 0.26829268 | G8: =SUMIFS(Data!$G$2:$G$1534,Data!$B$2:$B$1534,A8,Data!$R$2:$R$1534,">0") -> 935919.82 | H8: =COUNTIFS(Data!$B$2:$B$1534,A8,Data!$S$2:$S$1534,"High") -> 2
A9: V029 | B9: Orbit Travel Desk Pvt Ltd | C9: =COUNTIF(Data!$B$2:$B$1534,A9) -> 34 | D9: =SUMIF(Data!$B$2:$B$1534,A9,Data!$G$2:$G$1534) -> 3895760.7 | E9: =COUNTIFS(Data!$B$2:$B$1534,A9,Data!$R$2:$R$1534,">0") -> 8 | F9: =IF(C9=0,0,E9/C9) -> 0.23529412 | G9: =SUMIFS(Data!$G$2:$G$1534,Data!$B$2:$B$1534,A9,Data!$R$2:$R$1534,">0") -> 1075801.8 | H9: =COUNTIFS(Data!$B$2:$B$1534,A9,Data!$S$2:$S$1534,"High") -> 2
A10: V039 | B10: Ironwood Electricals Pvt Ltd | C10: =COUNTIF(Data!$B$2:$B$1534,A10) -> 31 | D10: =SUMIF(Data!$B$2:$B$1534,A10,Data!$G$2:$G$1534) -> 3747618.4 | E10: =COUNTIFS(Data!$B$2:$B$1534,A10,Data!$R$2:$R$1534,">0") -> 7 | F10: =IF(C10=0,0,E10/C10) -> 0.22580645 | G10: =SUMIFS(Data!$G$2:$G$1534,Data!$B$2:$B$1534,A10,Data!$R$2:$R$1534,">0") -> 1299312.9 | H10: =COUNTIFS(Data!$B$2:$B$1534,A10,Data!$S$2:$S$1534,"High") -> 2
A11: V040 | B11: Unity Maintenance Pvt Ltd | C11: =COUNTIF(Data!$B$2:$B$1534,A11) -> 33 | D11: =SUMIF(Data!$B$2:$B$1534,A11,Data!$G$2:$G$1534) -> 5498925.3 | E11: =COUNTIFS(Data!$B$2:$B$1534,A11,Data!$R$2:$R$1534,">0") -> 7 | F11: =IF(C11=0,0,E11/C11) -> 0.21212121 | G11: =SUMIFS(Data!$G$2:$G$1534,Data!$B$2:$B$1534,A11,Data!$R$2:$R$1534,">0") -> 145707.99 | H11: =COUNTIFS(Data!$B$2:$B$1534,A11,Data!$S$2:$S$1534,"High") -> 2
A12: V015 | B12: Westgate Travel Desk Pvt Ltd | C12: =COUNTIF(Data!$B$2:$B$1534,A12) -> 31 | D12: =SUMIF(Data!$B$2:$B$1534,A12,Data!$G$2:$G$1534) -> 4268194.3 | E12: =COUNTIFS(Data!$B$2:$B$1534,A12,Data!$R$2:$R$1534,">0") -> 6 | F12: =IF(C12=0,0,E12/C12) -> 0.19354839 | G12: =SUMIFS(Data!$G$2:$G$1534,Data!$B$2:$B$1534,A12,Data!$R$2:$R$1534,">0") -> 97643.24 | H12: =COUNTIFS(Data!$B$2:$B$1534,A12,Data!$S$2:$S$1534,"High") -> 2
A13: V012 | B13: Trident Office Supplies Pvt Ltd | C13: =COUNTIF(Data!$B$2:$B$1534,A13) -> 43 | D13: =SUMIF(Data!$B$2:$B$1534,A13,Data!$G$2:$G$1534) -> 4939538.2 | E13: =COUNTIFS(Data!$B$2:$B$1534,A13,Data!$R$2:$R$1534,">0") -> 5 | F13: =IF(C13=0,0,E13/C13) -> 0.11627907 | G13: =SUMIFS(Data!$G$2:$G$1534,Data!$B$2:$B$1534,A13,Data!$R$2:$R$1534,">0") -> 289384.85 | H13: =COUNTIFS(Data!$B$2:$B$1534,A13,Data!$S$2:$S$1534,"High") -> 2
A14: V027 | B14: Lumina Catering Pvt Ltd | C14: =COUNTIF(Data!$B$2:$B$1534,A14) -> 41 | D14: =SUMIF(Data!$B$2:$B$1534,A14,Data!$G$2:$G$1534) -> 5703037.7 | E14: =COUNTIFS(Data!$B$2:$B$1534,A14,Data!$R$2:$R$1534,">0") -> 5 | F14: =IF(C14=0,0,E14/C14) -> 0.12195122 | G14: =SUMIFS(Data!$G$2:$G$1534,Data!$B$2:$B$1534,A14,Data!$R$2:$R$1534,">0") -> 75842.66 | H14: =COUNTIFS(Data!$B$2:$B$1534,A14,Data!$S$2:$S$1534,"High") -> 2
A15: V032 | B15: Jaywalk Maintenance Pvt Ltd | C15: =COUNTIF(Data!$B$2:$B$1534,A15) -> 49 | D15: =SUMIF(Data!$B$2:$B$1534,A15,Data!$G$2:$G$1534) -> 4378139.7 | E15: =COUNTIFS(Data!$B$2:$B$1534,A15,Data!$R$2:$R$1534,">0") -> 5 | F15: =IF(C15=0,0,E15/C15) -> 0.10204082 | G15: =SUMIFS(Data!$G$2:$G$1534,Data!$B$2:$B$1534,A15,Data!$R$2:$R$1534,">0") -> 202601.72 | H15: =COUNTIFS(Data!$B$2:$B$1534,A15,Data!$S$2:$S$1534,"High") -> 2
A16: V001 | B16: Unity Logistics Pvt Ltd | C16: =COUNTIF(Data!$B$2:$B$1534,A16) -> 41 | D16: =SUMIF(Data!$B$2:$B$1534,A16,Data!$G$2:$G$1534) -> 4404016.2 | E16: =COUNTIFS(Data!$B$2:$B$1534,A16,Data!$R$2:$R$1534,">0") -> 4 | F16: =IF(C16=0,0,E16/C16) -> 0.097560976 | G16: =SUMIFS(Data!$G$2:$G$1534,Data!$B$2:$B$1534,A16,Data!$R$2:$R$1534,">0") -> 1161955.4 | H16: =COUNTIFS(Data!$B$2:$B$1534,A16,Data!$S$2:$S$1534,"High") -> 2
... A44: V017 | B44: Orbit Catering Pvt Ltd | C44: =COUNTIF(Data!$B$2:$B$1534,A44) -> 34 | D44: =SUMIF(Data!$B$2:$B$1534,A44,Data!$G$2:$G$1534) -> 7255064.5 | E44: =COUNTIFS(Data!$B$2:$B$1534,A44,Data!$R$2:$R$1534,">0") -> 0 | F44: =IF(C44=0,0,E44/C44) -> 0 | G44: =SUMIFS(Data!$G$2:$G$1534,Data!$B$2:$B$1534,A44,Data!$R$2:$R$1534,">0") -> 0 | H44: =COUNTIFS(Data!$B$2:$B$1534,A44,Data!$S$2:$S$1534,"High") -> 0

Sheet Approver_Analysis
A1: Approver analysis
A2: Looks for approvers whose payments cluster just under the approval limit or fail controls more often.
A4: Approver | B4: Transactions | C4: Total value (INR) | D4: Flagged txns | E4: % flagged | F4: Just-below-limit txns | G4: No PO/GRN txns | H4: High-risk txns
A5: AP-Mgr-01 | B5: =COUNTIF(Data!$J$2:$J$1534,A5) -> 245 | C5: =SUMIF(Data!$J$2:$J$1534,A5,Data!$G$2:$G$1534) -> 30971857 | D5: =COUNTIFS(Data!$J$2:$J$1534,A5,Data!$R$2:$R$1534,">0") -> 22 | E5: =IF(B5=0,0,D5/B5) -> 0.089795918 | F5: =COUNTIFS(Data!$J$2:$J$1534,A5,Data!$N$2:$N$1534,1) -> 0 | G5: =COUNTIFS(Data!$J$2:$J$1534,A5,Data!$P$2:$P$1534,1) -> 4 | H5: =COUNTIFS(Data!$J$2:$J$1534,A5,Data!$S$2:$S$1534,"High") -> 6
A6: AP-Mgr-02 | B6: =COUNTIF(Data!$J$2:$J$1534,A6) -> 282 | C6: =SUMIF(Data!$J$2:$J$1534,A6,Data!$G$2:$G$1534) -> 36963261 | D6: =COUNTIFS(Data!$J$2:$J$1534,A6,Data!$R$2:$R$1534,">0") -> 46 | E6: =IF(B6=0,0,D6/B6) -> 0.16312057 | F6: =COUNTIFS(Data!$J$2:$J$1534,A6,Data!$N$2:$N$1534,1) -> 21 | G6: =COUNTIFS(Data!$J$2:$J$1534,A6,Data!$P$2:$P$1534,1) -> 12 | H6: =COUNTIFS(Data!$J$2:$J$1534,A6,Data!$S$2:$S$1534,"High") -> 2
A7: AP-Mgr-03 | B7: =COUNTIF(Data!$J$2:$J$1534,A7) -> 253 | C7: =SUMIF(Data!$J$2:$J$1534,A7,Data!$G$2:$G$1534) -> 34234026 | D7: =COUNTIFS(Data!$J$2:$J$1534,A7,Data!$R$2:$R$1534,">0") -> 39 | E7: =IF(B7=0,0,D7/B7) -> 0.1541502 | F7: =COUNTIFS(Data!$J$2:$J$1534,A7,Data!$N$2:$N$1534,1) -> 0 | G7: =COUNTIFS(Data!$J$2:$J$1534,A7,Data!$P$2:$P$1534,1) -> 9 | H7: =COUNTIFS(Data!$J$2:$J$1534,A7,Data!$S$2:$S$1534,"High") -> 10
A8: AP-Mgr-04 | B8: =COUNTIF(Data!$J$2:$J$1534,A8) -> 266 | C8: =SUMIF(Data!$J$2:$J$1534,A8,Data!$G$2:$G$1534) -> 40187638 | D8: =COUNTIFS(Data!$J$2:$J$1534,A8,Data!$R$2:$R$1534,">0") -> 39 | E8: =IF(B8=0,0,D8/B8) -> 0.14661654 | F8: =COUNTIFS(Data!$J$2:$J$1534,A8,Data!$N$2:$N$1534,1) -> 15 | G8: =COUNTIFS(Data!$J$2:$J$1534,A8,Data!$P$2:$P$1534,1) -> 6 | H8: =COUNTIFS(Data!$J$2:$J$1534,A8,Data!$S$2:$S$1534,"High") -> 6
A9: AP-Mgr-05 | B9: =COUNTIF(Data!$J$2:$J$1534,A9) -> 235 | C9: =SUMIF(Data!$J$2:$J$1534,A9,Data!$G$2:$G$1534) -> 36023638 | D9: =COUNTIFS(Data!$J$2:$J$1534,A9,Data!$R$2:$R$1534,">0") -> 22 | E9: =IF(B9=0,0,D9/B9) -> 0.093617021 | F9: =COUNTIFS(Data!$J$2:$J$1534,A9,Data!$N$2:$N$1534,1) -> 0 | G9: =COUNTIFS(Data!$J$2:$J$1534,A9,Data!$P$2:$P$1534,1) -> 4 | H9: =COUNTIFS(Data!$J$2:$J$1534,A9,Data!$S$2:$S$1534,"High") -> 6
A10: AP-Mgr-06 | B10: =COUNTIF(Data!$J$2:$J$1534,A10) -> 252 | C10: =SUMIF(Data!$J$2:$J$1534,A10,Data!$G$2:$G$1534) -> 36931579 | D10: =COUNTIFS(Data!$J$2:$J$1534,A10,Data!$R$2:$R$1534,">0") -> 29 | E10: =IF(B10=0,0,D10/B10) -> 0.11507937 | F10: =COUNTIFS(Data!$J$2:$J$1534,A10,Data!$N$2:$N$1534,1) -> 0 | G10: =COUNTIFS(Data!$J$2:$J$1534,A10,Data!$P$2:$P$1534,1) -> 5 | H10: =COUNTIFS(Data!$J$2:$J$1534,A10,Data!$S$2:$S$1534,"High") -> 6

Sheet Benford
A1: Benford's Law test on invoice amounts
A2: In many natural financial datasets, about 30% of amounts start with 1 and fewer with higher digits. Large departures can point to manipulated or fabricated numbers.
A4: First digit | B4: Expected % | C4: Actual count | D4: Actual % | E4: Difference | F4: Abs difference
A5: 1 | B5: =LOG10(1+1/A5) -> 0.30103 | C5: =COUNTIF(Data!$K$2:$K$1534,A5) -> 482 | D5: =C5/SUM($C$5:$C$13) -> 0.31441618 | E5: =D5-B5 -> 0.013386182 | F5: =ABS(E5) -> 0.013386182
A6: 2 | B6: =LOG10(1+1/A6) -> 0.17609126 | C6: =COUNTIF(Data!$K$2:$K$1534,A6) -> 262 | D6: =C6/SUM($C$5:$C$13) -> 0.17090672 | E6: =D6-B6 -> -0.0051845402 | F6: =ABS(E6) -> 0.0051845402
A7: 3 | B7: =LOG10(1+1/A7) -> 0.12493874 | C7: =COUNTIF(Data!$K$2:$K$1534,A7) -> 188 | D7: =C7/SUM($C$5:$C$13) -> 0.12263536 | E7: =D7-B7 -> -0.0023033811 | F7: =ABS(E7) -> 0.0023033811
A8: 4 | B8: =LOG10(1+1/A8) -> 0.096910013 | C8: =COUNTIF(Data!$K$2:$K$1534,A8) -> 161 | D8: =C8/SUM($C$5:$C$13) -> 0.10502283 | E8: =D8-B8 -> 0.008112818 | F8: =ABS(E8) -> 0.008112818
A9: 5 | B9: =LOG10(1+1/A9) -> 0.079181246 | C9: =COUNTIF(Data!$K$2:$K$1534,A9) -> 98 | D9: =C9/SUM($C$5:$C$13) -> 0.063926941 | E9: =D9-B9 -> -0.015254305 | F9: =ABS(E9) -> 0.015254305
A10: 6 | B10: =LOG10(1+1/A10) -> 0.06694679 | C10: =COUNTIF(Data!$K$2:$K$1534,A10) -> 107 | D10: =C10/SUM($C$5:$C$13) -> 0.069797782 | E10: =D10-B10 -> 0.0028509925 | F10: =ABS(E10) -> 0.0028509925
A11: 7 | B11: =LOG10(1+1/A11) -> 0.057991947 | C11: =COUNTIF(Data!$K$2:$K$1534,A11) -> 79 | D11: =C11/SUM($C$5:$C$13) -> 0.051532942 | E11: =D11-B11 -> -0.006459005 | F11: =ABS(E11) -> 0.006459005
A12: 8 | B12: =LOG10(1+1/A12) -> 0.051152522 | C12: =COUNTIF(Data!$K$2:$K$1534,A12) -> 78 | D12: =C12/SUM($C$5:$C$13) -> 0.050880626 | E12: =D12-B12 -> -0.00027189622 | F12: =ABS(E12) -> 0.00027189622
A13: 9 | B13: =LOG10(1+1/A13) -> 0.045757491 | C13: =COUNTIF(Data!$K$2:$K$1534,A13) -> 78 | D13: =C13/SUM($C$5:$C$13) -> 0.050880626 | E13: =D13-B13 -> 0.0051231357 | F13: =ABS(E13) -> 0.0051231357
A15: Mean absolute deviation (MAD) | B15: =AVERAGE(F5:F13) -> 0.006549584
A16: Conformity (Nigrini's commonly cited MAD guide for first digits) | B16: =IF(B15<=0.006,"Close conformity",IF(B15<=0.012,"Acceptable conformity",IF(B15<=0.015,"Marginally acceptable","Non-conformity"))) -> Acceptable conformity
A17: Reading: a screening test only. Inspect the amounts behind the digits with the biggest gaps (here digits 1 and 5). A pass does not prove the data is clean and a gap does not prove fraud; use it to decide where to look next.

Sheet Exceptions
A1: Exceptions to investigate first (top 30 by risk score, then amount)
A2: Txn_ID was selected when the file was built; all other columns look up live values from the Data sheet.
A4: Rank | B4: Txn_ID | C4: Vendor_Name | D4: Invoice_No | E4: Payment_Date | F4: Amount (INR) | G4: Approver | H4: Risk score | I4: Rating | J4: Flags triggered
A5: 1 | B5: TXN-1150 | C5: =INDEX(Data!$C$2:$C$1534,MATCH($B5,Data!$A$2:$A$1534,0)) -> Summit Print Media Pvt Ltd | D5: =INDEX(Data!$D$2:$D$1534,MATCH($B5,Data!$A$2:$A$1534,0)) -> INV-008-69233 | E5: =INDEX(Data!$F$2:$F$1534,MATCH($B5,Data!$A$2:$A$1534,0)) -> 46055 | F5: =INDEX(Data!$G$2:$G$1534,MATCH($B5,Data!$A$2:$A$1534,0)) -> 783256.79 | G5: =INDEX(Data!$J$2:$J$1534,MATCH($B5,Data!$A$2:$A$1534,0)) -> AP-Mgr-03 | H5: =INDEX(Data!$R$2:$R$1534,MATCH($B5,Data!$A$2:$A$1534,0)) -> 5 | I5: =INDEX(Data!$S$2:$S$1534,MATCH($B5,Data!$A$2:$A$1534,0)) -> High | J5: =INDEX(Data!$T$2:$T$1534,MATCH($B5,Data!$A$2:$A$1534,0)) -> Duplicate invoice;
A6: 2 | B6: TXN-1189 | C6: =INDEX(Data!$C$2:$C$1534,MATCH($B6,Data!$A$2:$A$1534,0)) -> Summit Print Media Pvt Ltd | D6: =INDEX(Data!$D$2:$D$1534,MATCH($B6,Data!$A$2:$A$1534,0)) -> INV-008-69233 | E6: =INDEX(Data!$F$2:$F$1534,MATCH($B6,Data!$A$2:$A$1534,0)) -> 46063 | F6: =INDEX(Data!$G$2:$G$1534,MATCH($B6,Data!$A$2:$A$1534,0)) -> 783256.79 | G6: =INDEX(Data!$J$2:$J$1534,MATCH($B6,Data!$A$2:$A$1534,0)) -> AP-Mgr-03 | H6: =INDEX(Data!$R$2:$R$1534,MATCH($B6,Data!$A$2:$A$1534,0)) -> 5 | I6: =INDEX(Data!$S$2:$S$1534,MATCH($B6,Data!$A$2:$A$1534,0)) -> High | J6: =INDEX(Data!$T$2:$T$1534,MATCH($B6,Data!$A$2:$A$1534,0)) -> Duplicate invoice;
A7: 3 | B7: TXN-1169 | C7: =INDEX(Data!$C$2:$C$1534,MATCH($B7,Data!$A$2:$A$1534,0)) -> Unity Logistics Pvt Ltd | D7: =INDEX(Data!$D$2:$D$1534,MATCH($B7,Data!$A$2:$A$1534,0)) -> INV-001-75107 | E7: =INDEX(Data!$F$2:$F$1534,MATCH($B7,Data!$A$2:$A$1534,0)) -> 46058 | F7: =INDEX(Data!$G$2:$G$1534,MATCH($B7,Data!$A$2:$A$1534,0)) -> 539325.38 | G7: =INDEX(Data!$J$2:$J$1534,MATCH($B7,Data!$A$2:$A$1534,0)) -> AP-Mgr-03 | H7: =INDEX(Data!$R$2:$R$1534,MATCH($B7,Data!$A$2:$A$1534,0)) -> 5 | I7: =INDEX(Data!$S$2:$S$1534,MATCH($B7,Data!$A$2:$A$1534,0)) -> High | J7: =INDEX(Data!$T$2:$T$1534,MATCH($B7,Data!$A$2:$A$1534,0)) -> Duplicate invoice;
A8: 4 | B8: TXN-1177 | C8: =INDEX(Data!$C$2:$C$1534,MATCH($B8,Data!$A$2:$A$1534,0)) -> Unity Logistics Pvt Ltd | D8: =INDEX(Data!$D$2:$D$1534,MATCH($B8,Data!$A$2:$A$1534,0)) -> INV-001-75107 | E8: =INDEX(Data!$F$2:$F$1534,MATCH($B8,Data!$A$2:$A$1534,0)) -> 46062 | F8: =INDEX(Data!$G$2:$G$1534,MATCH($B8,Data!$A$2:$A$1534,0)) -> 539325.38 | G8: =INDEX(Data!$J$2:$J$1534,MATCH($B8,Data!$A$2:$A$1534,0)) -> AP-Mgr-03 | H8: =INDEX(Data!$R$2:$R$1534,MATCH($B8,Data!$A$2:$A$1534,0)) -> 5 | I8: =INDEX(Data!$S$2:$S$1534,MATCH($B8,Data!$A$2:$A$1534,0)) -> High | J8: =INDEX(Data!$T$2:$T$1534,MATCH($B8,Data!$A$2:$A$1534,0)) -> Duplicate invoice;
A9: 5 | B9: TXN-0826 | C9: =INDEX(Data!$C$2:$C$1534,MATCH($B9,Data!$A$2:$A$1534,0)) -> Fortis Stationery Pvt Ltd | D9: =INDEX(Data!$D$2:$D$1534,MATCH($B9,Data!$A$2:$A$1534,0)) -> INV-020-28004 | E9: =INDEX(Data!$F$2:$F$1534,MATCH($B9,Data!$A$2:$A$1534,0)) -> 45980 | F9: =INDEX(Data!$G$2:$G$1534,MATCH($B9,Data!$A$2:$A$1534,0)) -> 409776.87 | G9: =INDEX(Data!$J$2:$J$1534,MATCH($B9,Data!$A$2:$A$1534,0)) -> AP-Mgr-02 | H9: =INDEX(Data!$R$2:$R$1534,MATCH($B9,Data!$A$2:$A$1534,0)) -> 5 | I9: =INDEX(Data!$S$2:$S$1534,MATCH($B9,Data!$A$2:$A$1534,0)) -> High | J9: =INDEX(Data!$T$2:$T$1534,MATCH($B9,Data!$A$2:$A$1534,0)) -> Duplicate invoice;
A10: 6 | B10: TXN-0851 | C10: =INDEX(Data!$C$2:$C$1534,MATCH($B10,Data!$A$2:$A$1534,0)) -> Fortis Stationery Pvt Ltd | D10: =INDEX(Data!$D$2:$D$1534,MATCH($B10,Data!$A$2:$A$1534,0)) -> INV-020-28004 | E10: =INDEX(Data!$F$2:$F$1534,MATCH($B10,Data!$A$2:$A$1534,0)) -> 45986 | F10: =INDEX(Data!$G$2:$G$1534,MATCH($B10,Data!$A$2:$A$1534,0)) -> 409776.87 | G10: =INDEX(Data!$J$2:$J$1534,MATCH($B10,Data!$A$2:$A$1534,0)) -> AP-Mgr-02 | H10: =INDEX(Data!$R$2:$R$1534,MATCH($B10,Data!$A$2:$A$1534,0)) -> 5 | I10: =INDEX(Data!$S$2:$S$1534,MATCH($B10,Data!$A$2:$A$1534,0)) -> High | J10: =INDEX(Data!$T$2:$T$1534,MATCH($B10,Data!$A$2:$A$1534,0)) -> Duplicate invoice;
A11: 7 | B11: TXN-0358 | C11: =INDEX(Data!$C$2:$C$1534,MATCH($B11,Data!$A$2:$A$1534,0)) -> Delta Print Media Pvt Ltd | D11: =INDEX(Data!$D$2:$D$1534,MATCH($B11,Data!$A$2:$A$1534,0)) -> INV-030-20917 | E11: =INDEX(Data!$F$2:$F$1534,MATCH($B11,Data!$A$2:$A$1534,0)) -> 45866 | F11: =INDEX(Data!$G$2:$G$1534,MATCH($B11,Data!$A$2:$A$1534,0)) -> 337854.31 | G11: =INDEX(Data!$J$2:$J$1534,MATCH($B11,Data!$A$2:$A$1534,0)) -> AP-Mgr-04 | H11: =INDEX(Data!$R$2:$R$1534,MATCH($B11,Data!$A$2:$A$1534,0)) -> 5 | I11: =INDEX(Data!$S$2:$S$1534,MATCH($B11,Data!$A$2:$A$1534,0)) -> High | J11: =INDEX(Data!$T$2:$T$1534,MATCH($B11,Data!$A$2:$A$1534,0)) -> Duplicate invoice;
A12: 8 | B12: TXN-0394 | C12: =INDEX(Data!$C$2:$C$1534,MATCH($B12,Data!$A$2:$A$1534,0)) -> Delta Print Media Pvt Ltd | D12: =INDEX(Data!$D$2:$D$1534,MATCH($B12,Data!$A$2:$A$1534,0)) -> INV-030-20917 | E12: =INDEX(Data!$F$2:$F$1534,MATCH($B12,Data!$A$2:$A$1534,0)) -> 45876 | F12: =INDEX(Data!$G$2:$G$1534,MATCH($B12,Data!$A$2:$A$1534,0)) -> 337854.31 | G12: =INDEX(Data!$J$2:$J$1534,MATCH($B12,Data!$A$2:$A$1534,0)) -> AP-Mgr-04 | H12: =INDEX(Data!$R$2:$R$1534,MATCH($B12,Data!$A$2:$A$1534,0)) -> 5 | I12: =INDEX(Data!$S$2:$S$1534,MATCH($B12,Data!$A$2:$A$1534,0)) -> High | J12: =INDEX(Data!$T$2:$T$1534,MATCH($B12,Data!$A$2:$A$1534,0)) -> Duplicate invoice;
A13: 9 | B13: TXN-0005 | C13: =INDEX(Data!$C$2:$C$1534,MATCH($B13,Data!$A$2:$A$1534,0)) -> Fortis Stationery Pvt Ltd | D13: =INDEX(Data!$D$2:$D$1534,MATCH($B13,Data!$A$2:$A$1534,0)) -> INV-020-22697 | E13: =INDEX(Data!$F$2:$F$1534,MATCH($B13,Data!$A$2:$A$1534,0)) -> 45776 | F13: =INDEX(Data!$G$2:$G$1534,MATCH($B13,Data!$A$2:$A$1534,0)) -> 281298.97 | G13: =INDEX(Data!$J$2:$J$1534,MATCH($B13,Data!$A$2:$A$1534,0)) -> AP-Mgr-01 | H13: =INDEX(Data!$R$2:$R$1534,MATCH($B13,Data!$A$2:$A$1534,0)) -> 5 | I13: =INDEX(Data!$S$2:$S$1534,MATCH($B13,Data!$A$2:$A$1534,0)) -> High | J13: =INDEX(Data!$T$2:$T$1534,MATCH($B13,Data!$A$2:$A$1534,0)) -> Duplicate invoice;
A14: 10 | B14: TXN-0032 | C14: =INDEX(Data!$C$2:$C$1534,MATCH($B14,Data!$A$2:$A$1534,0)) -> Fortis Stationery Pvt Ltd | D14: =INDEX(Data!$D$2:$D$1534,MATCH($B14,Data!$A$2:$A$1534,0)) -> INV-020-22697 | E14: =INDEX(Data!$F$2:$F$1534,MATCH($B14,Data!$A$2:$A$1534,0)) -> 45784 | F14: =INDEX(Data!$G$2:$G$1534,MATCH($B14,Data!$A$2:$A$1534,0)) -> 281298.97 | G14: =INDEX(Data!$J$2:$J$1534,MATCH($B14,Data!$A$2:$A$1534,0)) -> AP-Mgr-01 | H14: =INDEX(Data!$R$2:$R$1534,MATCH($B14,Data!$A$2:$A$1534,0)) -> 5 | I14: =INDEX(Data!$S$2:$S$1534,MATCH($B14,Data!$A$2:$A$1534,0)) -> High | J14: =INDEX(Data!$T$2:$T$1534,MATCH($B14,Data!$A$2:$A$1534,0)) -> Duplicate invoice;
A15: 11 | B15: TXN-0172 | C15: =INDEX(Data!$C$2:$C$1534,MATCH($B15,Data!$A$2:$A$1534,0)) -> Orbit Travel Desk Pvt Ltd | D15: =INDEX(Data!$D$2:$D$1534,MATCH($B15,Data!$A$2:$A$1534,0)) -> INV-029-62802 | E15: =INDEX(Data!$F$2:$F$1534,MATCH($B15,Data!$A$2:$A$1534,0)) -> 45826 | F15: =INDEX(Data!$G$2:$G$1534,MATCH($B15,Data!$A$2:$A$1534,0)) -> 241989.15 | G15: =INDEX(Data!$J$2:$J$1534,MATCH($B15,Data!$A$2:$A$1534,0)) -> AP-Mgr-05 | H15: =INDEX(Data!$R$2:$R$1534,MATCH($B15,Data!$A$2:$A$1534,0)) -> 5 | I15: =INDEX(Data!$S$2:$S$1534,MATCH($B15,Data!$A$2:$A$1534,0)) -> High | J15: =INDEX(Data!$T$2:$T$1534,MATCH($B15,Data!$A$2:$A$1534,0)) -> Duplicate invoice;
A16: 12 | B16: TXN-0198 | C16: =INDEX(Data!$C$2:$C$1534,MATCH($B16,Data!$A$2:$A$1534,0)) -> Orbit Travel Desk Pvt Ltd | D16: =INDEX(Data!$D$2:$D$1534,MATCH($B16,Data!$A$2:$A$1534,0)) -> INV-029-62802 | E16: =INDEX(Data!$F$2:$F$1534,MATCH($B16,Data!$A$2:$A$1534,0)) -> 45831 | F16: =INDEX(Data!$G$2:$G$1534,MATCH($B16,Data!$A$2:$A$1534,0)) -> 241989.15 | G16: =INDEX(Data!$J$2:$J$1534,MATCH($B16,Data!$A$2:$A$1534,0)) -> AP-Mgr-05 | H16: =INDEX(Data!$R$2:$R$1534,MATCH($B16,Data!$A$2:$A$1534,0)) -> 5 | I16: =INDEX(Data!$S$2:$S$1534,MATCH($B16,Data!$A$2:$A$1534,0)) -> High | J16: =INDEX(Data!$T$2:$T$1534,MATCH($B16,Data!$A$2:$A$1534,0)) -> Duplicate invoice;
... A34: 30 | B34: TXN-0487 | C34: =INDEX(Data!$C$2:$C$1534,MATCH($B34,Data!$A$2:$A$1534,0)) -> Westgate Security Services Pvt Ltd | D34: =INDEX(Data!$D$2:$D$1534,MATCH($B34,Data!$A$2:$A$1534,0)) -> INV-014-76003 | E34: =INDEX(Data!$F$2:$F$1534,MATCH($B34,Data!$A$2:$A$1534,0)) -> 45901 | F34: =INDEX(Data!$G$2:$G$1534,MATCH($B34,Data!$A$2:$A$1534,0)) -> 11432.34 | G34: =INDEX(Data!$J$2:$J$1534,MATCH($B34,Data!$A$2:$A$1534,0)) -> AP-Mgr-06 | H34: =INDEX(Data!$R$2:$R$1534,MATCH($B34,Data!$A$2:$A$1534,0)) -> 5 | I34: =INDEX(Data!$S$2:$S$1534,MATCH($B34,Data!$A$2:$A$1534,0)) -> High | J34: =INDEX(Data!$T$2:$T$1534,MATCH($B34,Data!$A$2:$A$1534,0)) -> Duplicate invoice;
